Date,Open,High,Low,Close,Volume,AdjClose
1/1/2003,85.25,85.25,85.25,85.25,0,82.89
1/2/2003,85.75,86.25,85.5,86,4845300,83.62
1/3/2003,87.75,87.75,87.5,87.5,4116300,85.08
1/6/2003,88.25,89,88,88.5,7081500,86.05
1/7/2003,88.75,89,88,88.75,6454200,86.29
1/8/2003,88.25,89.5,88.25,88.75,11349400,86.29
1/9/2003,88,88.5,87.75,88.25,6137200,85.81
1/10/2003,88.25,88.75,88,88.5,4936800,86.05
1/13/2003,88.5,89.25,88.5,88.75,5967600,86.29
1/14/2003,88.5,88.75,88.25,88.25,5394800,85.81
1/15/2003,88.5,89,88.25,88.75,3963300,86.29
1/16/2003,88.25,88.5,87.5,87.75,7210900,85.32
1/17/2003,87.75,87.75,87,87.25,8349200,84.84
1/20/2003,86.75,87.5,86.75,87.25,7181600,84.84
1/21/2003,87.25,87.25,86.75,87,5260000,84.59
1/22/2003,86,86.25,85.5,86.25,11526200,83.86
1/23/2003,85,85.75,85,85.75,14038500,83.38
1/24/2003,85.25,85.25,84.5,85,18302900,82.65
1/27/2003,83.75,84,83.5,83.5,9749500,81.19
1/28/2003,82.5,83.5,82.5,83.25,13921100,80.95
1/29/2003,82.5,82.5,82,82.25,15735900,79.97
1/30/2003,82,82.25,81.5,82,14693500,79.73
1/31/2003,82,82,82,82,0,79.73
2/3/2003,82,82,82,82,0,79.73
2/4/2003,83,83,82.5,82.75,6296400,80.46
2/5/2003,82.25,82.5,82,82.25,4685900,79.97
2/6/2003,82.25,82.5,81.5,82,9159300,79.73
2/7/2003,81.5,82,81.25,82,6636100,79.73
2/10/2003,82,82.75,82,82.75,4033500,80.46
2/11/2003,82.5,82.75,82,82.25,6960500,79.97
2/12/2003,82,83,81.75,82.75,9186200,80.46
2/13/2003,82.5,83,82,82.5,6884500,80.22
2/14/2003,83,83.75,83,83.5,9186000,81.19
2/17/2003,83.75,84.25,83.75,84,8639800,81.68
2/18/2003,84,84.5,83.75,84.25,5397000,81.92
2/19/2003,84.75,84.75,84.25,84.5,6137900,82.16
2/20/2003,84.5,85,84.5,84.75,7353100,82.41
2/21/2003,84.75,84.75,83.75,84,6683300,81.68
2/24/2003,84.25,84.5,84,84.25,4111600,81.92
2/25/2003,83.5,83.75,83.25,83.5,5688700,81.19
2/26/2003,83.25,83.5,83,83.25,4008100,80.95
2/27/2003,82.75,83.5,82.5,83.25,8516400,80.95
2/28/2003,83.25,83.5,83.25,83.5,4911800,81.19
3/3/2003,84,85,84,84.75,9297800,82.41
3/4/2003,84.5,84.75,84,84.25,6325700,81.92
3/5/2003,83.5,83.75,83.25,83.75,8197000,81.43
3/6/2003,83.5,83.75,83,83,7230900,80.7
3/7/2003,82.75,83,82.5,82.75,6595900,80.46
3/10/2003,82.75,83,82.5,83,7284700,80.7
3/11/2003,81.75,82.25,81.75,82,12827700,79.73
3/12/2003,82,82.5,82,82.25,5462700,79.97
3/13/2003,81.75,81.75,81.25,81.25,9950700,79
3/14/2003,82.75,83,82.5,83,9048700,80.7
3/17/2003,82.75,83,82.5,82.5,6756400,80.22
3/18/2003,84.25,84.5,84,84.25,10552100,81.92
3/19/2003,82.25,83.5,82,83.5,13139600,81.5
3/20/2003,83.75,84.25,83.25,83.75,15242700,81.75
3/21/2003,83.75,84,83.25,83.75,7398400,81.75
3/24/2003,84,84,83,83,10740600,81.02
3/25/2003,82.25,82.75,82.25,82.5,8888900,80.53
3/26/2003,82.5,82.75,82,82.5,8970600,80.53
3/27/2003,82.5,82.5,81.5,81.5,12399100,79.55
3/28/2003,81.5,82,81.5,81.5,9656500,79.55
3/31/2003,80.75,81,80,80.25,19670200,78.33
4/1/2003,80.25,80.5,79.5,80.5,17374700,78.58
4/2/2003,80.75,81.75,80.5,81.75,16810600,79.8
4/3/2003,82.25,82.5,81.75,82,14349900,80.04
4/4/2003,82.25,83,82,82.75,13610200,80.77
4/7/2003,82.75,84,82.5,84,12839400,81.99
4/8/2003,83.75,84,83.25,83.75,10132000,81.75
4/9/2003,83.5,83.5,82.25,83,14154300,81.02
4/10/2003,82.5,83,82.25,82.75,8899600,80.77
4/11/2003,82.75,83,82.5,83,8252800,81.02
4/14/2003,82.75,82.75,82,82.5,7268400,80.53
4/15/2003,83,83.5,82.75,83.25,10709200,81.26
4/16/2003,83.5,84.25,83.25,84,10861800,81.99
4/17/2003,83.5,83.5,83,83.25,8218000,81.26
4/18/2003,83.25,83.25,83.25,83.25,0,81.26
4/21/2003,83.25,83.25,83.25,83.25,0,81.26
4/22/2003,83,83.25,82.75,83,7038600,81.02
4/23/2003,84,84,83.5,83.75,11843800,81.75
4/24/2003,83.25,83.5,82.5,82.75,8738200,80.77
4/25/2003,82,82.25,81.5,81.75,14716600,79.8
4/28/2003,81,81.75,80.75,81.5,12576700,79.55
4/29/2003,82.75,84.5,82.75,84.5,22386200,82.48
4/30/2003,85,85.25,84.5,85.25,24836900,83.21
5/1/2003,85.25,85.25,85.25,85.25,0,83.21
5/2/2003,84.75,85.5,84.75,85.5,11028000,83.46
5/5/2003,86.5,86.75,86,86.25,9089500,84.19
5/6/2003,86.25,86.5,85.75,86.25,8337200,84.19
5/7/2003,87.25,87.5,86.75,87,15871300,84.92
5/8/2003,87,87,87,87,0,84.92
5/9/2003,88,89.25,87.5,89.25,25027400,87.12
5/12/2003,89.75,90,89,89,13761900,86.87
5/13/2003,89.25,89.25,88.25,88.5,10017900,86.38
5/14/2003,88.5,89.25,88.5,89.25,11103500,87.12
5/15/2003,89.25,90,89,89.75,10607400,87.6
5/16/2003,90,90,88.75,89.25,11537700,87.12
5/19/2003,89.75,90,89.5,90,9060700,87.85
5/20/2003,88.75,89.25,88.5,89,10388300,86.87
5/21/2003,89.5,89.75,89.25,89.5,5042800,87.36
5/22/2003,89,89.75,89,89.25,5849800,87.12
5/23/2003,89.75,90.75,89.75,90.5,12195500,88.34
5/26/2003,91,91.75,90.75,91.5,7445000,89.31
5/27/2003,91.5,91.5,90.75,91,9073600,88.82
5/28/2003,92.25,92.75,92,92.75,18512800,90.53
5/29/2003,93,93.5,92.75,93.25,13993600,91.02
5/30/2003,93,93.5,92.75,93.25,7471200,91.02
6/2/2003,93.25,93.5,93,93,7231200,90.78
6/3/2003,93.25,93.5,92.75,93,9152800,90.78
6/4/2003,93,93,93,93,0,90.78
6/5/2003,93.75,94,93.5,93.75,7783200,91.51
6/6/2003,94,94.5,93.5,94.25,11775500,92
6/9/2003,94.75,95,94.25,95,9031800,92.73
6/10/2003,94,94.25,93.5,94,12884900,91.75
6/11/2003,93.75,94,93.25,93.5,13797700,91.27
6/12/2003,94.25,95,94.25,95,12150100,92.73
6/13/2003,95,95.5,94.5,95,11879600,92.73
6/16/2003,94.75,95.5,94.75,95.5,6086200,93.22
6/17/2003,96.75,97,96.5,97,10287100,94.68
6/18/2003,97.5,97.5,96.75,96.75,10681200,94.44
6/19/2003,97,97,96.5,96.5,8542200,94.19
6/20/2003,95.75,96,95.5,96,7556300,93.71
6/23/2003,95.5,95.75,94,94.25,9969400,92
6/24/2003,94.25,94.25,93.75,94,8311400,91.75
6/25/2003,94.25,94.75,94,94.25,7274100,92
6/26/2003,93.25,93.5,92.75,93.25,11433600,91.02
6/27/2003,93.25,93.75,93,93.25,8042600,91.02
6/30/2003,92.75,93,92.25,92.75,8425800,90.53
7/1/2003,92.75,92.75,92.75,92.75,0,90.53
7/2/2003,92,92.25,91.5,91.75,13772700,89.56
7/3/2003,92.5,93,92.25,92.5,7798800,90.29
7/4/2003,92.25,92.75,91.75,92.75,5757000,90.53
7/7/2003,93.25,94,92.5,94,14750900,91.75
7/8/2003,94.75,95,94.25,94.5,11052700,92.24
7/9/2003,94.25,95,94.25,94.25,10533300,92
7/10/2003,94.25,94.5,93.5,93.5,6519900,91.27
7/11/2003,93,93.75,93,93.5,6230400,91.27
7/14/2003,94.25,94.75,94.25,94.75,4166000,92.49
7/15/2003,95.25,95.5,94.5,95,10343800,92.73
7/16/2003,95,96,95,95.5,12355400,93.22
7/17/2003,94.75,95.25,94.25,94.75,14013000,92.49
7/18/2003,94.25,95.25,94,95,10003300,92.73
7/21/2003,95,95.25,94.5,94.75,8075900,92.49
7/22/2003,94.25,94.5,93.75,94.5,7453200,92.24
7/23/2003,94.25,94.5,93.75,93.75,7435400,91.51
7/24/2003,94,94.5,93.75,93.75,7500400,91.51
7/25/2003,93.75,94.5,93.75,94.25,7133000,92
7/28/2003,95,96,95,95.75,13314100,93.46
7/29/2003,95.75,96,95.5,95.75,4885600,93.46
7/30/2003,95.75,96,95.25,95.75,10338200,93.46
7/31/2003,95.75,96.25,95.5,95.5,8515700,93.22
8/1/2003,96,97.25,96,96.75,12332100,94.44
8/4/2003,96.25,97,95.5,95.75,9945000,93.46
8/5/2003,98,98.25,96.75,96.75,20570200,94.44
8/6/2003,96.25,96.25,95.5,95.5,11817000,93.22
8/7/2003,95.75,96.25,95.75,95.75,10479600,93.46
8/8/2003,96.25,96.5,95.75,96,8051800,93.71
8/11/2003,96.5,97.25,96.5,97,6180000,94.68
8/12/2003,97.25,97.5,96.75,97.25,8920400,94.93
8/13/2003,98.25,99.25,98.25,99,20870000,96.63
8/14/2003,100,100.5,99.5,100.5,18817800,98.1
8/15/2003,102,102,102,102,16007300,99.56
8/18/2003,102,102.5,101,102,13347400,99.56
8/19/2003,102,102,101,101.5,7341300,99.07
8/20/2003,100,100.5,99.25,99.5,15049500,97.12
8/21/2003,99.5,100.5,99.25,100.5,9813300,98.1
8/22/2003,100,100.5,99.75,100.5,7007400,98.1
8/25/2003,99.75,100.5,99.75,100,7855700,97.61
8/26/2003,99.75,99.75,99.25,99.75,6443500,97.37
8/27/2003,99.5,99.75,98.75,99,7598800,96.63
8/28/2003,99.25,100,99.25,99.75,5991700,97.37
8/29/2003,100.5,102,100,101.5,14179700,99.07
9/1/2003,101,101.5,100,100,9565300,97.61
9/2/2003,100.5,100.5,100,100.5,4567100,98.1
9/3/2003,101,101.5,100.5,101.5,6996300,99.07
9/4/2003,101.5,102,100.5,101,7770500,98.59
9/5/2003,101,101.5,100.5,101.5,4276300,99.07
9/8/2003,101,102,100.5,102,7026800,99.56
9/9/2003,102.5,102.5,101.5,101.5,6223300,99.07
9/10/2003,101,101,100,100,11348000,97.61
9/11/2003,100,100.5,100,100.5,4087200,98.1
9/12/2003,100.5,100.5,100.5,100.5,0,98.1
9/15/2003,100.5,101.5,100,101,6465700,98.59
9/16/2003,100.5,101.5,100,101.5,6556900,99.07
9/17/2003,102,102.5,101.5,102,10214100,99.56
9/18/2003,102,103,101.5,102.5,13182700,100.05
9/19/2003,103.5,104,103,103.5,14114600,101.03
9/22/2003,103,103.5,102,103,9230700,100.54
9/23/2003,103,103.5,102.5,102.5,7307200,100.05
9/24/2003,103,104.5,102.5,104,10911300,101.51
9/25/2003,104.5,106,104.5,105,15362500,102.49
9/26/2003,105,105,104,104.5,7110700,102
9/29/2003,104,104,103,103.5,10713800,101.03
9/30/2003,104,105,104,104.5,7363400,102
10/1/2003,104.5,104.5,104.5,104.5,0,102
10/2/2003,105,106.5,105,105.5,16175700,102.98
10/3/2003,106.5,107.5,106,107.5,12315000,104.93
10/6/2003,108,109,107.5,108,12018300,105.42
10/7/2003,108,109,108,109,7465400,106.39
10/8/2003,109,110,108.5,109,10176600,106.39
10/9/2003,109,109,108,108.5,7333200,105.91
10/10/2003,110,110,109,109.5,7246800,106.88
10/13/2003,109.5,110,108.5,109,5300200,106.39
10/14/2003,110,110.5,109,109,7438900,106.39
10/15/2003,110,111.5,109.5,111.5,10888100,108.83
10/16/2003,110.5,111.5,110.5,110.5,5797200,107.86
10/17/2003,111,111.5,110,111,6513800,108.35
10/20/2003,110,111.5,110,111.5,8476400,108.83
10/21/2003,112.5,114,112,113,11377400,110.3
10/22/2003,113.5,114.5,113.5,114,6161300,111.28
10/23/2003,112.5,113,109.5,110,16305500,107.37
10/24/2003,110.5,111,109.5,110.5,10392200,107.86
10/27/2003,110.5,111,110,110.5,5103200,107.86
10/28/2003,111,113.5,111,113.5,9720500,110.79
10/29/2003,114.5,115,114,114.5,9432300,111.76
10/30/2003,116,116,114.5,115.5,13479600,112.74
10/31/2003,116.5,117,116,117,14036900,114.2
11/3/2003,116.5,118.5,116.5,119,7327200,116.16
11/4/2003,119.5,120.5,119,119.5,12284600,116.64
11/5/2003,118.5,119,117.5,119,8685000,116.16
11/6/2003,116.5,117.5,115,116,22890800,113.23
11/7/2003,116.5,117.5,115,117,12715100,114.2
11/10/2003,117.5,118.5,116.5,117.5,8614500,114.69
11/11/2003,116,117,115.5,116,8263400,113.23
11/12/2003,116.5,117,115.5,116.5,5615700,113.72
11/13/2003,117.5,119,117.5,119,9767500,116.16
11/14/2003,119,119.5,118,118.5,8893300,115.67
11/17/2003,117,117.5,116.5,117.5,10510500,114.69
11/18/2003,117,118,116,117.5,8685800,114.69
11/19/2003,116.5,117,116,117,8033100,114.2
11/20/2003,116,116.5,115.5,116,7160500,113.23
11/21/2003,114,115.5,114,115,14401100,112.25
11/24/2003,116,117,115.5,116.5,7565600,113.72
11/25/2003,118,119,117.5,118.5,16927800,115.67
11/26/2003,117.5,118.5,117,118,7150600,115.3
11/27/2003,117.5,118.5,117,118,6064100,115.3
11/28/2003,118,119.5,117.5,119,10084200,116.27
12/1/2003,119,119.5,118.5,119.5,7081300,116.76
12/2/2003,119.5,120,119,119.5,7942700,116.76
12/3/2003,118.5,119.5,118,118.5,6572400,115.78
12/4/2003,118.5,119,118,118.5,3895300,115.78
12/5/2003,118,118.5,117,118,5485900,115.3
12/8/2003,117.5,117.5,116.5,117,6368100,114.32
12/9/2003,118,119.5,117.5,119,5836200,116.27
12/10/2003,118,119,118,119,5093400,116.27
12/11/2003,117.5,119,117,119,10710000,116.27
12/12/2003,119,119.5,119,119,6161800,116.27
12/15/2003,120,120.5,119.5,120,11218500,117.25
12/16/2003,118.5,119.5,117.5,118,9297900,115.3
12/17/2003,118,119,117.5,117.5,8077600,114.81
12/18/2003,118,119.5,117.5,118.5,5475200,115.78
12/19/2003,119.5,120.5,119,120,6397200,117.25
12/22/2003,120,121,120,121,3770000,118.23
12/23/2003,121,121.5,120.5,120.5,3717600,117.74
12/24/2003,121,121.5,121,121,1809700,118.23
12/25/2003,121,121,121,121,0,118.23
12/26/2003,121,121,121,121,0,118.23
12/29/2003,121,122,120.5,122,4147000,119.2
12/30/2003,122,123,121.5,122,8142700,119.2
12/31/2003,121.5,123,121.5,122.5,3378000,119.69
1/1/2004,122.5,122.5,122.5,122.5,0,119.69
1/2/2004,123,124.5,123,124,8097600,121.16
1/5/2004,123.5,124.5,123,124.5,7451100,121.65
1/6/2004,124.5,125,123.5,124,7574900,121.16
1/7/2004,125,126,125,126,7616600,123.11
1/8/2004,126,126,124,125.5,8566300,122.62
1/9/2004,126.5,127,126,126.5,9599700,123.6
1/12/2004,125.5,126,125,126,7412400,123.11
1/13/2004,125.5,126,125,126,7629900,123.11
1/14/2004,123.5,124.5,123.5,124,17581300,121.16
1/15/2004,123.5,124,122,122.5,14432400,119.69
1/16/2004,122,122.5,121,121.5,14694700,118.72
1/19/2004,121.5,122,120,122,10371000,119.2
1/20/2004,121.5,123.5,121,123.5,16725600,120.67
1/21/2004,123.5,125,123.5,125,8394700,122.14
1/22/2004,125,125,125,125,0,122.14
1/23/2004,125,125,125,125,0,122.14
1/26/2004,123.5,123.5,122.5,123.5,11167000,120.67
1/27/2004,122.5,123,122,123,11662400,120.18
1/28/2004,122,122,121,121,12527100,118.23
1/29/2004,120.5,121.5,120.5,121.5,12531600,118.72
1/30/2004,121,121.5,120.5,121.5,9584300,118.72
2/2/2004,120.5,120.5,119,119.5,11182700,116.76
2/3/2004,118.5,119.5,118,119.5,13003700,116.76
2/4/2004,119.5,120.5,119,120,9234600,117.25
2/5/2004,119,120,119,119.5,10366900,116.76
2/6/2004,120,122,119.5,122,13694500,119.2
2/9/2004,123,124,123,124,10911700,121.16
2/10/2004,124.5,125,124,124,10720300,121.16
2/11/2004,124.5,125.5,124,125,8990000,122.14
2/12/2004,126,126,125,125.5,8725100,122.62
2/13/2004,125,126,124.5,125.5,9825800,122.62
2/16/2004,126,127,125.5,126.5,7228800,123.6
2/17/2004,126.5,127,125.5,126,8366800,123.11
2/18/2004,127.5,128.5,127.5,128.5,14836600,125.56
2/19/2004,127,127.5,126.5,127,10016100,124.09
2/20/2004,128,128,127,127,3909400,124.09
2/23/2004,126,127,125.5,126.5,9942800,123.6
2/24/2004,127,128,126.5,127.5,10158200,124.58
2/25/2004,127.5,128,126.5,126.5,8364700,123.6
2/26/2004,127,127.5,126.5,126.5,5728500,123.6
2/27/2004,127,128.5,126.5,128,12145100,125.07
3/1/2004,128.5,129,127,127.5,14783800,124.58
3/2/2004,126.5,127,125,125.5,17458100,122.62
3/3/2004,122.5,123,122,122.5,24514300,119.69
3/4/2004,122,122.5,121.5,122.5,20847000,119.69
3/5/2004,121.5,122,121,122,16520700,119.2
3/8/2004,122,123.5,122,123,14716400,120.18
3/9/2004,122.5,122.5,121.5,122,9817300,119.2
3/10/2004,121,121,120,121,17700400,118.23
3/11/2004,119.5,120,119.5,120,13278400,117.25
3/12/2004,118.5,119,118,119,24051700,116.27
3/15/2004,119.5,120,119,119.5,14399400,116.76
3/16/2004,118.5,119.5,118,119.5,14266200,116.76
3/17/2004,118.5,119,118,119,7806700,116.51
3/18/2004,118.5,119,118,118.5,11175500,116.02
3/19/2004,118,118.5,117.5,118.5,7539600,116.02
3/22/2004,116.5,117,116.5,116.5,11728600,114.06
3/23/2004,115.5,117,115.5,116.5,15963500,114.06
3/24/2004,116.5,117.5,116.5,117,15329300,114.55
3/25/2004,115.5,116,115,115.5,13702400,113.08
3/26/2004,116.5,116.5,115.5,115.5,11646400,113.08
3/29/2004,115.5,115.5,115,115.5,11111900,113.08
3/30/2004,116.5,117,116,116.5,11335400,114.06
3/31/2004,117,117.5,116.5,117.5,13335600,115.04
4/1/2004,117,117,116.5,117,8060800,114.55
4/2/2004,117.5,118,117,118,7029000,115.53
4/5/2004,118,118,118,118,0,115.53
4/6/2004,117.5,118,117,118,13993800,115.53
4/7/2004,118,119,117.5,118.5,9716400,116.02
4/8/2004,118.5,119,118,118.5,11070800,116.02
4/9/2004,118.5,118.5,118.5,118.5,0,116.02
4/12/2004,118.5,118.5,118.5,118.5,0,116.02
4/13/2004,118.5,119.5,118,118.5,15826500,116.02
4/14/2004,117.5,117.5,116,116,15146800,113.57
4/15/2004,116,116.5,115,115.5,24376200,113.08
4/16/2004,115,115.5,114.5,115,18583300,112.59
4/19/2004,115,116,114.5,115.5,8801000,113.08
4/20/2004,116,116,115,115.5,6187400,113.08
4/21/2004,115,115,114.5,114.5,8921200,112.1
4/22/2004,115,115.5,114,114.5,12638400,112.1
4/23/2004,115.5,116,114.5,116,11500600,113.57
4/26/2004,115.5,116,114.5,115,10244600,112.59
4/27/2004,115,116,115,115.5,6299000,113.08
4/28/2004,115.5,116.5,115.5,116,8871100,113.57
4/29/2004,114,115,114,114,14954100,111.61
4/30/2004,113.5,114,113.5,114,11350200,111.61
5/3/2004,113,113.5,112.5,113.5,8338500,111.12
5/4/2004,113.5,114.5,113.5,114,13734400,111.61
5/5/2004,115,115.5,114,114,14396100,111.61
5/6/2004,115,116,114.5,114.5,8781800,112.1
5/7/2004,114,114.5,113.5,114,8304400,111.61
5/10/2004,112.5,113,111.5,111.5,20782500,109.16
5/11/2004,111,112,110.5,112,13729500,109.65
5/12/2004,112,112.5,111,111.5,15064800,109.16
5/13/2004,111.5,111.5,110.5,110.5,11809200,108.19
5/14/2004,111.5,111.5,110,110.5,9682200,108.19
5/17/2004,110,110.5,108.5,109,21039400,106.72
5/18/2004,110,110.5,109,110,10486700,107.7
5/19/2004,109.5,111,109.5,111,18793300,108.8
5/20/2004,110.5,111,109,110,15422900,107.82
5/21/2004,109.5,111,109,111,10328300,108.8
5/24/2004,110.5,111.5,110.5,111,6443400,108.8
5/25/2004,110.5,111,110,111,9782000,108.8
5/26/2004,111,111,111,111,0,108.8
5/27/2004,112.5,114,112,114,16615000,111.74
5/28/2004,115,116,114.5,115.5,17213800,113.21
5/31/2004,115.5,117.5,115,117.5,18579200,115.17
6/1/2004,117,118,116,116,18193400,113.7
6/2/2004,116,118,116,117.5,13220400,115.17
6/3/2004,117,117.5,115.5,116,13980600,113.7
6/4/2004,116,117,115.5,117,8070800,114.68
6/7/2004,118,119,118,119,16168700,116.65
6/8/2004,118.5,119.5,118,118.5,9900000,116.16
6/9/2004,118.5,119,118,118,8915400,115.67
6/10/2004,118.5,119,117.5,119,9821200,116.65
6/11/2004,118.5,118.5,117.5,118,8156200,115.67
6/14/2004,117.5,118.5,115.5,116,17577000,113.7
6/15/2004,115.5,116.5,115,115.5,9638900,113.21
6/16/2004,117,117,116,116.5,14263600,114.19
6/17/2004,116,116.5,115.5,116,8239500,113.7
6/18/2004,115.5,115.5,114,114.5,15784800,112.23
6/21/2004,115.5,116,114.5,115,10193900,112.72
6/22/2004,115,115,115,115,0,112.72
6/23/2004,114.5,115,113.5,114,8343100,111.74
6/24/2004,114.5,116.5,114.5,116.5,15368900,114.19
6/25/2004,116,116.5,115.5,116.5,6332500,114.19
6/28/2004,116,117,115.5,117,10170100,114.68
6/29/2004,116.5,117,116,116,6761600,113.7
6/30/2004,116.5,117.5,116.5,117.5,14423900,115.17
7/1/2004,117.5,117.5,117.5,117.5,0,115.17
7/2/2004,115.5,116.5,115,116,11656200,113.7
7/5/2004,115,116,115,116,8738500,113.7
7/6/2004,116,116.5,115.5,116,11000700,113.7
7/7/2004,115,116.5,115,116,13803500,113.7
7/8/2004,116,116.5,115,115,17394000,112.72
7/9/2004,115,116,115,115.5,5971800,113.21
7/12/2004,116,116.5,115.5,116,6860600,113.7
7/13/2004,116,116,115,115.5,10617800,113.21
7/14/2004,115,116,114.5,115,15121700,112.72
7/15/2004,115,115,114.5,114.5,8401000,112.23
7/16/2004,114,115.5,113.5,115,19330900,112.72
7/19/2004,115,116,115,115.5,5716700,113.21
7/20/2004,115.5,115.5,114.5,114.5,9911500,112.23
7/21/2004,115.5,116.5,115.5,116,12631400,113.7
7/22/2004,116,116,115.5,115.5,5381900,113.21
7/23/2004,115.5,116,115,116,14733300,113.7
7/26/2004,115,115.5,115,115.5,6366600,113.21
7/27/2004,115,115.5,114.5,115,13838600,112.72
7/28/2004,115,115.5,115,115,4570500,112.72
7/29/2004,115,115,114,115,13649600,112.72
7/30/2004,115,115.5,114.5,115,10299300,112.72
8/2/2004,115,115.5,114,114.5,11488500,112.23
8/3/2004,119,119,117.5,118,33853200,115.67
8/4/2004,117.5,118,117,117.5,17520800,115.17
8/5/2004,118,119.5,118,119,21960800,116.65
8/6/2004,118.5,119,118.5,118.5,5561400,116.16
8/9/2004,118.5,119.5,118.5,119,9845800,116.65
8/10/2004,119,119,118,118.5,4554900,116.16
8/11/2004,119,119,118,118,8896300,115.67
8/12/2004,118,118.5,117.5,118.5,8046500,116.16
8/13/2004,118,118,117.5,117.5,4263800,115.17
8/16/2004,118,118,117,117,7094000,114.68
8/17/2004,118,118.5,117.5,118,7866800,115.67
8/18/2004,117,117,116.5,117,5153700,114.68
8/19/2004,117.5,118.5,117,118,12336800,115.67
8/20/2004,118,118,117.5,118,2855600,115.67
8/23/2004,118.5,118.5,118,118.5,8032400,116.16
8/24/2004,118,119.5,117.5,119.5,14274000,117.14
8/25/2004,119.5,120.5,119,120,28191500,117.63
8/26/2004,120.5,120.5,119.5,120,17931800,117.63
8/27/2004,120.5,121.5,120,121.5,21036000,119.1
8/30/2004,121,121.5,121,121,9850800,118.61
8/31/2004,121,121.5,121,121,8527900,118.61
9/1/2004,121.5,122.5,121.5,122.5,13897600,120.08
9/2/2004,122,122.5,121.5,122,14222900,119.59
9/3/2004,122,122.5,121.5,122,9286700,119.59
9/6/2004,122,123,122,123,9501300,120.57
9/7/2004,123,123.5,122.5,123,8935800,120.57
9/8/2004,123,123.5,122,122.5,12737500,120.08
9/9/2004,123,123,122,122.5,8296400,120.08
9/10/2004,122,122.5,121.5,122.5,8627500,120.08
9/13/2004,123,123.5,122.5,123,7892700,120.57
9/14/2004,123.5,124,123,123.5,11030400,121.06
9/15/2004,123.5,123.5,122.5,123,7797800,120.57
9/16/2004,123,124,123,123.5,10449600,121.06
9/17/2004,123.5,124,123.5,124,3485900,121.55
9/20/2004,124,124.5,123.5,123.5,9360600,121.06
9/21/2004,123.5,124,123,123.5,13095700,121.06
9/22/2004,123.5,124,123,123,6830300,120.57
9/23/2004,123.5,124,123,123.5,12601200,121.06
9/24/2004,123.5,124,123,123.5,11925600,121.06
9/27/2004,124,124,122.5,123.5,20393500,121.06
9/28/2004,123.5,123,122.5,123,9128600,120.57
9/29/2004,123,123,123,123,0,120.57
9/30/2004,123.5,124,123,124,13460200,121.55
10/1/2004,124,124,124,124,0,121.55
10/4/2004,125,126,124.5,125.5,27255600,123.02
10/5/2004,125.5,125.5,125,125,5130600,122.53
10/6/2004,125.5,126,125,125.5,6544800,123.02
10/7/2004,125.5,125.5,125,125.5,4049000,123.02
10/8/2004,125.5,126,125,125.5,13057800,123.02
10/11/2004,125.5,126,125,126,7353300,123.51
10/12/2004,125.5,126,125,125.5,9768400,123.02
10/13/2004,125,126,124.5,125.5,12792800,123.02
10/14/2004,124.5,125,124,124.5,11431900,122.04
10/15/2004,124.5,125,124,124.5,6181600,122.04
10/18/2004,125,125.5,124.5,125,7422800,122.53
10/19/2004,125.5,126,125,126,8549000,123.51
10/20/2004,126,126,125,125.5,8556100,123.02
10/21/2004,125.5,126,125,125.5,9826000,123.02
10/22/2004,125.5,125.5,125.5,125.5,0,123.02
10/25/2004,124.5,125,124,124.5,23110400,122.04
10/26/2004,125,125,124.5,124.5,7577400,122.04
10/27/2004,125,125.5,124.5,124.5,10534300,122.04
10/28/2004,125.5,126.5,125,126,15697100,123.51
10/29/2004,126,126.5,125.5,126,15086400,123.51
11/1/2004,126,126.5,125.5,126.5,8697300,124
11/2/2004,127,128,126.5,128,18864400,125.47
11/3/2004,128,129,127.5,128.5,21948200,125.96
11/4/2004,130,130,128.5,129.5,22030000,126.94
11/5/2004,130.5,131,130,130.5,21433200,127.92
11/8/2004,131.5,132,131,132,17972900,129.39
11/9/2004,132,132.5,131,131.5,21230100,128.9
11/10/2004,132,132.5,131.5,132.5,11756000,129.88
11/11/2004,132.5,133,132,132.5,13355200,129.88
11/12/2004,134.5,135,134,134.5,17798100,131.84
11/15/2004,136,136.5,135.5,136.5,15665000,133.8
11/16/2004,136,136.5,134,134,27307900,131.35
11/17/2004,134,134.5,133.5,134.5,19222900,131.84
11/18/2004,133.5,134,133,133,16862700,130.37
11/19/2004,133,133,132.5,132.5,10593700,129.88
11/22/2004,131.5,132.5,131.5,132.5,14255500,129.88
11/23/2004,132,134.5,131.5,134,30040900,131.35
11/24/2004,132.5,133.5,132,133,23928100,130.49
11/25/2004,131.5,132,130.5,131,20554500,128.53
11/26/2004,131,132,131,131.5,9921400,129.02
11/29/2004,131.5,133,131,132.5,12751200,130
11/30/2004,132.5,133.5,132,132.5,13581100,130
12/1/2004,133,133.5,132,133.5,12162600,130.99
12/2/2004,134,135,134,134.5,18115000,131.97
12/3/2004,134,134,133,133,10403100,130.49
12/6/2004,134,134.5,133.5,134,8289200,131.48
12/7/2004,133.5,134.5,133.5,134,11048300,131.48
12/8/2004,133.5,134,132,132.5,18586900,130
12/9/2004,132.5,133,132,132.5,10409500,130
12/10/2004,131.5,132,131,131.5,14250900,129.02
12/13/2004,130.5,131,129.5,130,25756000,127.55
12/14/2004,130,132,130,131.5,18760100,129.02
12/15/2004,131.5,132,130.5,131.5,16539700,129.02
12/16/2004,132,132,130.5,131,19964300,128.53
12/17/2004,130.5,130.5,129.5,130.5,22150800,128.04
12/20/2004,130,132,130,132,22717900,129.51
12/21/2004,132,132.5,131.5,132,14083200,129.51
12/22/2004,132,132,131,131.5,13037800,129.02
12/23/2004,132,132.5,131.5,132.5,10878200,130
12/24/2004,132.5,132.5,131.5,131.5,6711700,129.02
12/27/2004,131.5,131.5,131.5,131.5,0,129.02
12/28/2004,132.5,133,132,132,9706700,129.51
12/29/2004,133,133.5,132.5,132.5,11117300,130
12/30/2004,132.5,133,132,132.5,15503100,130
12/31/2004,132,133,132,133,10651000,130.49
1/3/2005,132.5,132.5,131.5,132.5,5628100,130
1/4/2005,132,132,130.5,131.5,20487200,129.02
1/5/2005,131,131.5,130,130.5,21855300,128.04
1/6/2005,130.5,131,130,130.5,17382500,128.04
1/7/2005,130,131,128.5,129.5,32354000,127.06
1/10/2005,129,129.5,128,128,17333300,125.59
1/11/2005,129,129.5,128,128.5,17061400,126.08
1/12/2005,128,128.5,127,128.5,24764700,126.08
1/13/2005,128.5,128.5,128,128.5,10388600,126.08
1/14/2005,127.5,128,127,127.5,20845900,125.1
1/17/2005,128,128.5,127.5,128.5,10034000,126.08
1/18/2005,128.5,128.5,127,127.5,15977800,125.1
1/19/2005,128,129,128,129,11683500,126.57
1/20/2005,127.5,128,127,127.5,17859500,125.1
1/21/2005,127.5,127.5,127,127.5,6720000,125.1
1/24/2005,127,127.5,126.5,127,10911000,124.61
1/25/2005,127,128.5,126.5,128.5,18794800,126.08
1/26/2005,128,128.5,127.5,128.5,7553400,126.08
1/27/2005,128.5,129.5,128,129,12823000,126.57
1/28/2005,129,129,128,129,9245600,126.57
1/31/2005,128,129.5,127.5,129,17766100,126.57
2/1/2005,129,129.5,128,128.5,12975600,126.08
2/2/2005,129,129,128,129,12614500,126.57
2/3/2005,128.5,129,128,128,6695100,125.59
2/4/2005,128,129,128,129,7068600,126.57
2/7/2005,130.5,131,130,130.5,13138400,128.04
2/8/2005,130.5,131.5,130.5,131,7102300,128.53
2/9/2005,131,131,131,131,0,128.53
2/10/2005,131,131,131,131,0,128.53
2/11/2005,131,131,131,131,0,128.53
2/14/2005,132.5,133,132,132.5,17908800,130
2/15/2005,133,133,132.5,132.5,4881100,130
2/16/2005,133.5,133.5,132.5,133,16759400,130.49
2/17/2005,133,133,132.5,133,4564500,130.49
2/18/2005,132.5,133.5,132,133.5,15650600,130.99
2/21/2005,133,133.5,132.5,133,9437200,130.49
2/22/2005,132.5,133,132,133,13194400,130.49
2/23/2005,132,132.5,131.5,132,8594800,129.51
2/24/2005,132,133,131.5,133,14215800,130.49
2/25/2005,133,133.5,132.5,133,17601400,130.49
2/28/2005,133,134,132.5,133.5,20771800,130.99
3/1/2005,130.5,131,129.5,130.5,32297100,128.04
3/2/2005,129,129.5,128,128.5,36500500,126.08
3/3/2005,128,129,127.5,129,25925500,126.57
3/4/2005,128.5,129,127.5,128,28274300,125.59
3/7/2005,128.5,129,128,128.5,14653000,126.08
3/8/2005,128,129,128,129,18531100,126.57
3/9/2005,129,129.5,128.5,128.5,13248600,126.08
3/10/2005,128,128.5,127.5,128,17806000,125.59
3/11/2005,128,128.5,127.5,128.5,11292600,126.08
3/14/2005,127.5,128.5,127.5,128,13219600,125.59
3/15/2005,128,128,127.5,128,22282600,125.59
3/16/2005,126,126,125,125.5,19237000,123.4
3/17/2005,125.5,126.5,125,126,22061400,123.89
3/18/2005,126,126,125,125.5,16578200,123.4
3/21/2005,125.5,126,125,125.5,8258100,123.4
3/22/2005,125,125.5,125,125.5,13222600,123.4
3/23/2005,124.5,124.5,123.5,124,29248000,121.92
3/24/2005,124,124,123.5,124,13335800,121.92
3/25/2005,124,124,124,124,0,121.92
3/28/2005,124,124,124,124,0,121.92
3/29/2005,123.5,124,122.5,122.5,22941300,120.45
3/30/2005,122.5,123,122.5,123,15121400,120.94
3/31/2005,123.5,124,123,124,19270500,121.92
4/1/2005,123.5,124,123,123.5,7893100,121.43
4/4/2005,123.5,123.5,122.5,123,19772900,120.94
4/5/2005,123,123,123,123,0,120.94
4/6/2005,122.5,123.5,122.5,122.5,17395800,120.45
4/7/2005,123,123.5,123,123,13349000,120.94
4/8/2005,123.5,124,123.5,123.5,9820600,121.43
4/11/2005,123.5,124,123.5,123.5,4056100,121.43
4/12/2005,124,124,123.5,124,4475400,121.92
4/13/2005,124,125,124,125,13294600,122.9
4/14/2005,124.5,125,124,124.5,15701400,122.41
4/15/2005,124,124,123.5,124,5428100,121.92
4/18/2005,122.5,123,122,122,28791100,119.96
4/19/2005,122.5,123.5,122.5,123,8728800,120.94
4/20/2005,123.5,124,123.5,123.5,7536300,121.43
4/21/2005,123,124,122.5,124,17777200,121.92
4/22/2005,124,124.5,123.5,124,14278600,121.92
4/25/2005,124,124.5,123.5,124.5,9026300,122.41
4/26/2005,124.5,125.5,124,125,23590700,122.9
4/27/2005,125,125,124.5,125,5408600,122.9
4/28/2005,124.5,125.5,124.5,125,15567900,122.9
4/29/2005,125,125,124,125,14722200,122.9
5/2/2005,125,125,125,125,0,122.9
5/3/2005,125,125.5,124.5,124.5,12389200,122.41
5/4/2005,125,126,125,126,12367700,123.89
5/5/2005,126.5,127,126,126.5,15752900,124.38
5/6/2005,127,127,126,126.5,12327200,124.38
5/9/2005,126.5,127,126,127,11980800,124.87
5/10/2005,126.5,127,126,126.5,11205900,124.38
5/11/2005,126,126,125,126,14441500,123.89
5/12/2005,126,126,125.5,125.5,5422800,123.4
5/13/2005,126,125.5,124.5,125,16043500,122.9
5/16/2005,125,125,125,125,0,122.9
5/17/2005,124.5,125,124,124.5,15041000,122.41
5/18/2005,123.5,124,123,123,12261200,121.01
5/19/2005,124,124.5,123.5,123.5,16626100,121.5
5/20/2005,124,124,123.5,124,2543800,122
5/23/2005,124,124,123,124,12221800,122
5/24/2005,124,124,123.5,123.5,5093100,121.5
5/25/2005,124,124,123,123,19456800,121.01
5/26/2005,123.5,123.5,123,123.5,4665100,121.5
5/27/2005,123.5,124,123.5,123.5,4937300,121.5
5/30/2005,124,124.5,123.5,124.5,19175800,122.49
5/31/2005,124,124.5,123.5,124,21279300,122
6/1/2005,123.5,124,123.5,124,4955100,122
6/2/2005,124.5,124.5,123.5,124,7788700,122
6/3/2005,124,124.5,123.5,124,10965400,122
6/6/2005,123.5,124,123,124,8954700,122
6/7/2005,123.5,124,123.5,124,3559400,122
6/8/2005,124.5,124.5,123.5,124.5,15762500,122.49
6/9/2005,124,125,124,124.5,27613800,122.49
6/10/2005,124.5,125,124,125,14222100,122.98
6/13/2005,124.5,125,124.5,124.5,6291200,122.49
6/14/2005,124.5,125,124,124,18511200,122
6/15/2005,125,125,124,124.5,16059100,122.49
6/16/2005,124.5,124.5,124,124,7091900,122
6/17/2005,124.5,124.5,124,124.5,22660000,122.49
6/20/2005,124.5,125,124.5,125,16903600,122.98
6/21/2005,124.5,125,124.5,124.5,11119600,122.49
6/22/2005,125,126.5,125,126.5,41240300,124.46
6/23/2005,126,127,126,127,24371700,124.95
6/24/2005,126.5,127,126,127,18691400,124.95
6/27/2005,126.5,127,126,126,15165300,123.96
6/28/2005,126,127,126,127,10722300,124.95
6/29/2005,126.5,127,126,126.5,26060700,124.46
6/30/2005,126.5,126.5,124.5,124.5,46045500,122.49
7/1/2005,124.5,124.5,124.5,124.5,0,122.49
7/4/2005,124,124.3,123.6,124.1,23599500,122.09
7/5/2005,123.9,124.2,123.7,124,12225400,122
7/6/2005,124,124.7,124,124.4,15013100,122.39
7/7/2005,124.1,124.1,123.3,123.5,19044400,121.5
7/8/2005,123,123.4,122.9,123,22192300,121.01
7/11/2005,123.7,124.2,123.6,124.2,12499200,122.19
7/12/2005,124.4,124.6,123.8,124.3,11595500,122.29
7/13/2005,124.3,125.2,124,125.2,10422700,123.18
7/14/2005,125.2,126.1,125.1,125.8,24379400,123.77
7/15/2005,125.8,126.2,125.7,125.9,17759200,123.87
7/18/2005,125.5,126,125.3,125.9,17081500,123.87
7/19/2005,125.2,125.7,124.8,125,23012000,122.98
7/20/2005,125.1,125.6,125,125.5,15295000,123.47
7/21/2005,125.8,126.1,125.3,125.6,13304700,123.57
7/22/2005,126.2,126.7,126,126.6,21952200,124.55
7/25/2005,126.5,127.4,126.5,126.9,16332700,124.85
7/26/2005,127.3,127.7,127.1,127.3,16224300,125.24
7/27/2005,127.3,127.4,126.7,127,10690400,124.95
7/28/2005,127.2,127.2,125.9,126.3,21528700,124.26
7/29/2005,126.2,126.6,126.2,126.4,14249600,124.36
8/1/2005,126,127.5,126,127.2,15386900,125.14
8/2/2005,128.4,128.7,128.1,128.5,27633700,126.42
8/3/2005,128.5,128.6,127.8,127.8,18218300,125.74
8/4/2005,127.8,128.5,127.7,127.9,10087400,125.83
8/5/2005,127.5,127.8,127.3,127.5,13581700,125.44
8/8/2005,127.6,128,127.5,127.9,7159000,125.83
8/9/2005,128,128.2,127.5,127.6,8582600,125.54
8/10/2005,127.9,128.3,127.6,128.2,13230700,126.13
8/11/2005,128.5,129.3,128.1,129,21289300,126.92
8/12/2005,129.2,129.5,129,129.2,16848600,127.11
8/15/2005,129,129.3,128.8,129.1,13332700,127.01
8/16/2005,129.2,129.4,128.8,128.9,15046100,126.82
8/17/2005,127.7,128.2,127.4,128.1,13001300,126.11
8/18/2005,128,128.2,126.5,126.6,23959400,124.63
8/19/2005,126.6,126.7,125.8,126.1,19528600,124.14
8/22/2005,126.5,126.9,126.2,126.9,12812500,124.93
8/23/2005,126.9,127,125.7,126,13323200,124.04
8/24/2005,125.7,125.9,125.1,125.2,15738700,123.25
8/25/2005,124.7,125.4,124.6,124.9,24193500,122.96
8/26/2005,125,125.2,124.7,125,13620900,123.06
8/29/2005,124.5,124.7,124.1,124.3,27581000,122.37
8/30/2005,124.5,124.8,124.4,124.6,13630300,122.66
8/31/2005,124.2,124.5,124,124.4,16867300,122.47
9/1/2005,125.3,125.3,124.9,125.2,19165400,123.25
9/2/2005,125.7,126,125.4,126,13622500,124.04
9/5/2005,126.2,126.4,125.9,126.3,10630500,124.34
9/6/2005,126.5,126.6,125.5,126,12687000,124.04
9/7/2005,126.7,126.7,126.3,126.6,13444800,124.63
9/8/2005,127.1,127.2,126.7,127,20643900,125.02
9/9/2005,126.8,126.9,126.5,126.7,11984000,124.73
9/12/2005,127,127,126.3,126.5,20367100,124.53
9/13/2005,126.4,126.6,126,126.1,9106200,124.14
9/14/2005,126.1,126.5,126,126.5,14320500,124.53
9/15/2005,126.1,126.4,125.8,126,10774700,124.04
9/16/2005,125.9,126,125.6,125.9,8230200,123.94
9/19/2005,125.9,125.9,125.9,125.9,0,123.94
9/20/2005,125.8,126.3,125.5,126.1,14248200,124.14
9/21/2005,125.7,126.2,125.7,125.8,12297800,123.84
9/22/2005,125.5,125.7,125.1,125.2,13453300,123.25
9/23/2005,125.1,125.1,124.8,125,11222100,123.06
9/26/2005,125.1,125.7,125,125.5,17115600,123.55
9/27/2005,125.2,126,125.2,125.4,14652000,123.45
9/28/2005,125.2,125.7,125.1,125.4,14206000,123.45
9/29/2005,125.7,126.3,125.5,126,17986600,124.04
9/30/2005,126.1,126.4,125.9,126.3,11179700,124.34
10/3/2005,126.1,126.3,125.9,126,10955900,124.04
10/4/2005,125.9,126.4,125.8,125.8,11134500,123.84
10/5/2005,125.6,125.6,125,125.1,19726000,123.15
10/6/2005,124.3,124.4,123.7,123.8,30074500,121.87
10/7/2005,123.9,124.1,123.5,123.6,15970700,121.68
10/10/2005,123.7,124,123.6,123.7,10543900,121.78
10/11/2005,123.7,123.7,123.7,123.7,0,121.78
10/12/2005,123.4,123.6,121.9,122.2,30833100,120.3
10/13/2005,121.9,122.7,121.9,122.2,16728200,120.3
10/14/2005,121.9,122.3,121.6,121.8,20321200,119.91
10/17/2005,122.4,122.5,121.7,122,17814800,120.1
10/18/2005,121.8,122.2,121.5,121.6,13904800,119.71
10/19/2005,120.9,121,120,120,25722600,118.13
10/20/2005,120.4,121.2,120.3,120.5,18698900,118.63
10/21/2005,120.3,121.2,120.2,120.9,14509500,119.02
10/24/2005,120.7,121.2,120.5,120.7,11978300,118.82
10/25/2005,121.3,121.5,120.8,120.9,10312300,119.02
10/26/2005,121,121.5,121,121.5,12704600,119.61
10/27/2005,121.7,122.1,121.4,121.5,14338200,119.61
10/28/2005,120.8,121,120.5,120.6,10388700,118.72
10/31/2005,121,121.4,120.8,121.3,7695400,119.41
11/1/2005,121.7,122.2,121.6,122.1,8446000,120.2
11/2/2005,122,122.3,121.8,122.2,7526500,120.3
11/3/2005,122.8,122.8,122.2,122.4,7733600,120.5
11/4/2005,123,123,122.5,122.7,8792300,120.79
11/7/2005,122.3,122.4,121.8,121.9,9589600,120
11/8/2005,122.8,122.8,122.2,122.4,12130000,120.5
11/9/2005,122.7,123.4,122.5,123.4,12802100,121.48
11/10/2005,123.5,123.8,123.2,123.6,5079500,121.68
11/11/2005,124,124.7,123.9,124.6,13174300,122.66
11/14/2005,124.8,125.1,124.1,124.5,14605500,122.56
11/15/2005,124.2,124.5,123.7,124.4,11181700,122.47
11/16/2005,124.6,124.8,124.4,124.6,8706200,122.66
11/17/2005,124.4,124.9,124.1,124.8,12244300,122.86
11/18/2005,125.2,125.5,125.1,125.2,12047400,123.25
11/21/2005,125.8,125.9,125.4,125.8,15060300,123.84
11/22/2005,125.6,125.8,125.4,125.7,11326200,123.74
11/23/2005,125.3,125.5,124.8,125.5,14251400,123.63
11/24/2005,125.8,125.9,125.5,125.7,10955400,123.82
11/25/2005,125.3,125.5,125.1,125.3,10343100,123.43
11/28/2005,125.4,125.6,125.2,125.4,7502800,123.53
11/29/2005,125.2,125.4,124.9,125.1,7715600,123.23
11/30/2005,124.9,125.1,124.4,124.5,12235100,122.64
12/1/2005,123.9,124.9,123.9,124.9,12947600,123.03
12/2/2005,125.5,125.7,125.2,125.6,15726100,123.72
12/5/2005,125.5,125.6,125.3,125.4,6595800,123.53
12/6/2005,125.2,125.5,124.3,124.4,17283300,122.54
12/7/2005,124.8,125.2,124.4,125.1,8057400,123.23
12/8/2005,124.8,124.9,123.9,124,14827800,122.15
12/9/2005,124.5,124.5,124,124.1,7104700,122.25
12/12/2005,124.5,124.9,124.4,124.7,10096900,122.84
12/13/2005,124.8,125,124.5,124.7,11011900,122.84
12/14/2005,125,125.5,124.7,125.5,8380800,123.63
12/15/2005,125.9,126,125.7,125.9,11518300,124.02
12/16/2005,126.1,126.1,125.4,125.6,10903700,123.72
12/19/2005,126.1,126.5,125.8,126.4,13286900,124.51
12/20/2005,126.3,126.4,126,126,11209500,124.12
12/21/2005,126.5,126.6,126.2,126.3,13927100,124.41
12/22/2005,126.4,126.4,125.7,125.8,12440800,123.92
12/23/2005,125.7,126,125.4,125.4,12554400,123.53
12/26/2005,125.4,125.4,125.4,125.4,0,123.53
12/27/2005,125.4,125.4,125.4,125.4,0,123.53
12/28/2005,125.2,125.6,125,125.4,9063900,123.53
12/29/2005,125.3,125.6,124.7,125,13328900,123.13
12/30/2005,124.9,125,124.4,124.4,17042900,122.54
1/2/2006,124.4,124.4,124.4,124.4,0,122.54
1/3/2006,124.2,124.9,124.2,124.8,7538100,122.94
1/4/2006,126.4,126.5,125.8,126.5,26703700,124.61
1/5/2006,126.9,127.3,126.6,126.7,22671600,124.81
1/6/2006,127.5,127.7,127.1,127.6,20345900,125.69
1/9/2006,129.6,130.1,129.3,129.7,47462500,127.76
1/10/2006,131.9,131.9,130.8,130.9,57330700,128.95
1/11/2006,130.8,131.2,130.5,131,27618600,129.04
1/12/2006,131.2,131.5,130.9,131.2,24678100,129.24
1/13/2006,130.5,131.3,130.5,131.2,17152300,129.24
1/16/2006,131.2,131.4,131.1,131.2,18571800,129.24
1/17/2006,131.2,131.4,129.7,129.9,25766600,127.96
1/18/2006,129,129.6,128.5,129.3,22171300,127.37
1/19/2006,129.5,130.2,129.4,130.1,19646700,128.16
1/20/2006,130,130.5,129.3,129.9,12722900,127.96
1/23/2006,128.7,129,128.3,128.6,21998400,126.68
1/24/2006,128.6,128.8,128.1,128.6,15239300,126.68
1/25/2006,128.5,128.5,128.1,128.3,10396100,126.38
1/26/2006,128.5,128.8,128.5,128.7,9515800,126.78
1/27/2006,128.7,129.9,129.1,129.7,19652700,127.76
1/30/2006,129.7,129.7,129.7,129.7,0,127.76
1/31/2006,129.7,129.7,129.7,129.7,0,127.76
2/1/2006,129.1,129.2,128.5,128.7,14562300,126.78
2/2/2006,129.1,129.3,128.8,128.9,12964000,126.98
2/3/2006,128.3,128.4,127.9,128,18412400,126.09
2/6/2006,128,128.5,127.5,128.4,11445000,126.48
2/7/2006,128.1,128.3,127.7,128.1,12746000,126.19
2/8/2006,128.2,128.3,127.6,127.7,12919500,125.79
2/9/2006,128.3,128.5,128,128.1,7178700,126.19
2/10/2006,127.9,128.7,127.9,128.3,12275600,126.38
2/13/2006,127.8,128.1,127.3,127.8,11253400,125.89
2/14/2006,127.6,128.7,127.6,128.5,11803000,126.58
2/15/2006,128.9,129,127.8,128.6,12434700,126.68
2/16/2006,129,129.1,128.5,128.6,12732200,126.68
2/17/2006,129.3,129.3,128.9,129.2,17044800,127.27
2/20/2006,129.2,129.9,129.2,129.3,17757300,127.37
2/21/2006,129.4,129.6,129,129.6,17802200,127.66
2/22/2006,129.6,129.8,129.3,129.6,11970800,127.66
2/23/2006,129.8,130.8,129.6,130.6,24811900,128.65
2/24/2006,131.2,132,131.1,131.9,36829700,129.93
2/27/2006,132.8,133.3,132.5,132.9,47530800,130.92
2/28/2006,133.2,133.7,132.4,133.6,35684600,131.6
3/1/2006,132.9,133.4,132.6,132.7,25120500,130.72
3/2/2006,133.2,133.3,132.8,132.9,19565100,130.92
3/3/2006,132.8,133,132,132,21073800,130.03
3/6/2006,132.7,132.7,131.7,132.3,19052300,130.32
3/7/2006,134.1,134.2,132.2,132.6,47663700,130.62
3/8/2006,132.7,132.8,131.2,132.5,33760400,130.52
3/9/2006,132.5,133,132.2,132.6,19996200,130.62
3/10/2006,132.6,132.7,132.1,132.5,10558300,130.52
3/13/2006,133.1,133.2,132.6,133.1,19288500,131.11
3/14/2006,133,133,132.6,132.8,17038700,130.82
3/15/2006,133.4,133.8,133.1,133.7,20455600,131.7
3/16/2006,133.5,133.6,132.8,133.2,11752200,131.21
3/17/2006,133,133.3,132.5,133.1,18211300,131.11
3/20/2006,133.9,134.3,133.7,133.9,20917900,131.9
3/21/2006,133.7,133.8,133.4,133.5,11096700,131.51
3/22/2006,131,131.4,130.5,130.5,21177800,128.85
3/23/2006,131,131.3,130.7,131.2,13684400,129.54
3/24/2006,130.9,130.9,130.1,130.1,13557500,128.46
3/27/2006,130.5,130.9,130.2,130.4,14175600,128.75
3/28/2006,129.7,130.4,129.6,129.9,26256500,128.26
3/29/2006,129.4,129.7,129,129.1,18121500,127.47
3/30/2006,129.1,129.9,129.1,129.3,18571000,127.67
3/31/2006,129.9,130,129.6,129.9,26314400,128.26
4/3/2006,130,131.2,129.9,131.1,15585400,129.44
4/4/2006,131,131.3,130.7,131.1,9221600,129.44
4/5/2006,131.1,131.1,131.1,131.1,0,129.44
4/6/2006,131.9,132.4,131.7,132.3,17370500,130.63
4/7/2006,132.3,132.3,131.6,132,9649000,130.33
4/10/2006,131.5,131.9,131.2,131.5,10839600,129.84
4/11/2006,131.5,131.6,131,131.2,12405700,129.54
4/12/2006,130.9,130.9,130.5,130.6,11043400,128.95
4/13/2006,130.6,131.7,130.6,131.5,12270600,129.84
4/14/2006,131.5,131.5,131.5,131.5,0,129.84
4/17/2006,131.5,131.5,131.5,131.5,0,129.84
4/18/2006,132,132.8,131.8,132.4,18157100,130.73
4/19/2006,132.9,133.2,132.6,133.2,21356500,131.52
4/20/2006,133.5,134,133.4,134,16527800,132.31
4/21/2006,134,134,133.4,133.7,13176000,132.01
4/24/2006,133.5,133.5,132,132.1,12913400,130.43
4/25/2006,132.5,132.5,131.6,131.9,11557300,130.23
4/26/2006,131.9,132.3,131.6,132,6118000,130.33
4/27/2006,132.5,132.5,131.8,132.2,11739000,130.53
4/28/2006,132.2,132.3,131,132.2,13529700,130.53
5/1/2006,132.2,132.2,132.2,132.2,0,130.53
5/2/2006,133.5,136.1,133.4,136,40525500,134.28
5/3/2006,138.2,138.6,137.3,137.3,42093600,135.56
5/4/2006,137.3,137.5,136.3,137.1,12812600,135.37
5/5/2006,137.1,137.1,137.1,137.1,0,135.37
5/8/2006,139.1,140.9,139.1,140.9,42285000,139.12
5/9/2006,140.6,140.7,139.8,140.1,27827000,138.33
5/10/2006,141.6,142.2,141.1,141.8,36936900,140.01
5/11/2006,141.3,142.4,141.3,142.2,20834900,140.4
5/12/2006,140.8,141.6,140.3,141.1,21739000,139.32
5/15/2006,138.8,139.2,137.5,137.7,24147100,135.96
5/16/2006,137.2,138,136.7,137.7,24317300,135.96
5/17/2006,139.4,140.7,138.6,140.6,36670100,138.97
5/18/2006,137.3,138.8,137.3,138.1,26824600,136.5
5/19/2006,137.5,138.8,137.5,138.3,17355500,136.7
5/22/2006,138,138.2,133.6,133.9,26645900,132.35
5/23/2006,133.7,134.6,133.5,134.4,24345800,132.85
5/24/2006,134.4,135.5,133.6,134.6,16327800,133.04
5/25/2006,134.1,134.5,133.5,133.6,14817800,132.05
5/26/2006,135,135.4,134.6,134.9,16028200,133.34
5/29/2006,135.4,135.8,135,135.6,11145000,134.03
5/30/2006,135.6,136.2,134.6,135.9,16472600,134.33
5/31/2006,135.9,135.9,135.9,135.9,0,134.33
6/1/2006,135,135.9,133.6,134,13582900,132.45
6/2/2006,134,135.7,133.7,135.4,11403500,133.83
6/5/2006,136,136,135.1,135.4,7899700,133.83
6/6/2006,134,134.7,134,134.5,12797000,132.94
6/7/2006,134,134.5,133.7,134,12069000,132.45
6/8/2006,133,133.5,132.1,132.4,26914500,130.87
6/9/2006,132.6,134.5,132.3,134,14139200,132.45
6/12/2006,133.8,134.6,133.2,134,9171400,132.45
6/13/2006,133.3,133.5,132,132.3,17602400,130.77
6/14/2006,131.7,132.7,131.6,132.2,16562800,130.67
6/15/2006,133.4,133.6,132.7,133.4,11251000,131.86
6/16/2006,135,135.7,134.8,135.6,20653500,134.03
6/19/2006,135,135.4,134.8,135.3,7366900,133.74
6/20/2006,134.5,134.5,133.9,133.9,10222800,132.35
6/21/2006,133.9,134.3,133.5,133.9,8429200,132.35
6/22/2006,135,135.4,134.7,134.9,16046500,133.34
6/23/2006,134,135,133.9,134.8,9255000,133.24
6/26/2006,134.5,134.6,133.9,134.1,12579100,132.55
6/27/2006,134,134.4,133.4,133.5,16661400,131.96
6/28/2006,132.6,133.1,132.5,133,18488100,131.46
6/29/2006,133.5,134,133.5,133.6,16548100,132.05
6/30/2006,135.7,136.3,135.2,136,35040800,134.43
7/3/2006,136.4,136.5,135.8,135.8,14612700,134.23
7/4/2006,136,136.2,135.7,136,6613200,134.43
7/5/2006,136,136.3,135.8,135.8,5182900,134.23
7/6/2006,134.8,136.9,134.8,136.5,12792000,134.92
7/7/2006,137.6,137.8,137,137.7,16913400,136.11
7/10/2006,136.8,139.5,136.8,139.1,19715600,137.49
7/11/2006,138.4,139.4,138.4,138.4,10366700,136.8
7/12/2006,138.5,138.9,138.3,138.4,8664900,136.8
7/13/2006,137.8,138.5,136.6,136.8,13258700,135.22
7/14/2006,135.5,136.2,135.1,135.6,20775300,134.03
7/17/2006,134.6,135.2,134.5,134.9,10998600,133.34
7/18/2006,134.5,135.1,134.4,134.8,11963800,133.24
7/19/2006,134.8,135.6,134.8,135.4,7840500,133.83
7/20/2006,137.5,138.1,137.1,137.8,18927400,136.21
7/21/2006,137.5,137.6,137.1,137.3,9938800,135.71
7/24/2006,136.3,137.4,136.2,137.3,8195800,135.71
7/25/2006,138.5,139.2,138.5,138.5,19226100,136.9
7/26/2006,138.5,138.9,138.5,138.8,7855400,137.19
7/27/2006,139.4,140.4,139.4,140.2,27551500,138.58
7/28/2006,140,140.3,139.1,139.6,18062000,137.99
7/31/2006,141,141,139.5,140.2,17236900,138.58
8/1/2006,141,141,139.6,140,15028300,138.38
8/2/2006,139.5,140.7,139.5,140.5,13790200,138.88
8/3/2006,140.9,141.2,140.5,140.9,14355500,139.27
8/4/2006,140.5,141.1,140,140.5,9644900,138.88
8/7/2006,140.7,140.9,140.1,140.6,9356300,138.97
8/8/2006,141.1,141.3,140.7,141.1,12606400,139.47
8/9/2006,140.8,142.4,140.1,142.3,23292500,140.65
8/10/2006,142,142.8,140.7,141,16018100,139.37
8/11/2006,141,141.6,140.7,141.3,12999300,139.67
8/14/2006,141,141,140.4,140.8,7746300,139.17
8/15/2006,140.8,140.8,140.2,140.6,7807400,138.97
8/16/2006,141.4,141.4,140.4,140.7,16591000,139.22
8/17/2006,141.2,141.3,140.2,140.6,11234500,139.12
8/18/2006,140.5,140.6,139.9,140,6439700,138.53
8/21/2006,139.5,139.8,138.4,138.6,15973400,137.14
8/22/2006,139.1,139.4,138.6,139.1,16999900,137.64
8/23/2006,139,139.2,138.5,139.1,15300400,137.64
8/24/2006,138.2,138.9,137.9,137.9,17410300,136.45
8/25/2006,138.3,139,138.3,138.8,14482900,137.34
8/28/2006,139.2,139.3,138.6,139.1,11052500,137.64
8/29/2006,140.1,140.3,139.5,140.1,10511200,138.63
8/30/2006,140.3,140.7,140.1,140.6,16033700,139.12
8/31/2006,141,141.3,140.6,141.2,13709900,139.72
9/1/2006,141.2,141.7,140.5,141,12047000,139.52
9/4/2006,141.6,142,141.3,141.9,11396000,140.41
9/5/2006,142,142.1,141.5,141.8,13061400,140.31
9/6/2006,141.3,141.6,140,140.6,13616800,139.12
9/7/2006,139.8,139.8,139.1,139.5,14007300,138.03
9/8/2006,138.7,139.3,138.3,138.8,34287600,137.34
9/11/2006,139.1,139.1,137.8,138.1,26206200,136.65
9/12/2006,138,139.2,138,138.8,11602800,137.34
9/13/2006,140,140.2,139.7,139.8,10880300,138.33
9/14/2006,140,140.3,139.6,139.7,6103300,138.23
9/15/2006,139.8,140.5,139.5,140.3,11304200,138.83
9/18/2006,140.3,140.8,140.1,140.5,14222800,139.02
9/19/2006,140.5,140.6,139.7,140,11664900,138.53
9/20/2006,139,140.9,139,140.8,13497000,139.32
9/21/2006,140.8,141.4,140.8,140.8,9893700,139.32
9/22/2006,140.9,142.1,140.8,141.5,16511100,140.01
9/25/2006,141,141.9,141,141.3,11499000,139.82
9/26/2006,141.4,141.6,140.4,140.7,11119600,139.22
9/27/2006,141.1,142,141.1,141.8,13298300,140.31
9/28/2006,142.2,142.4,141.8,141.8,14938100,140.31
9/29/2006,141.9,142.5,141.4,142.1,22290000,140.61
10/2/2006,142.1,142.1,142.1,142.1,0,140.61
10/3/2006,141.9,142.1,141.6,141.9,9662400,140.41
10/4/2006,142.1,142.3,141.2,141.8,11131600,140.31
10/5/2006,144,145.4,143.3,145.2,46170500,143.67
10/6/2006,146,146.3,145.2,146.3,29877700,144.76
10/9/2006,145.8,145.8,143.7,144,20749900,142.49
10/10/2006,144.5,145.8,144.5,145.7,13885400,144.17
10/11/2006,146,146,145,145.5,10004700,143.97
10/12/2006,145.7,146.3,145.3,145.6,11191700,144.07
10/13/2006,147.3,147.3,146.2,146.5,14094300,144.96
10/16/2006,146.7,146.9,146.1,146.5,10469800,144.96
10/17/2006,146.2,147.4,145.9,146.8,16715500,145.26
10/18/2006,146.2,147.1,146.1,146.8,9607200,145.26
10/19/2006,147.4,147.4,146,146.3,10275400,144.76
10/20/2006,146.8,147.4,146.4,147.2,10920800,145.65
10/23/2006,147.5,147.6,146.9,147.1,9145100,145.55
10/24/2006,147,147.4,146.7,146.9,8888200,145.36
10/25/2006,146.8,147.2,146.6,147.1,7896900,145.55
10/26/2006,147.2,147.6,146.8,147.1,12997300,145.55
10/27/2006,147.1,147.5,146.6,146.7,16893600,145.16
10/30/2006,146.7,146.7,146.7,146.7,0,145.16
10/31/2006,146.2,147,146.2,146.8,11326500,145.26
11/1/2006,147,148.9,147,148.7,20746500,147.14
11/2/2006,149.9,150.4,148.9,150.2,27000300,148.62
11/3/2006,150,150.5,149.5,149.9,11546600,148.32
11/6/2006,149.5,150.5,149.5,150.4,8707200,148.82
11/7/2006,151.4,151.5,150.7,151.2,21108300,149.61
11/8/2006,151,151.5,150.8,150.9,10295300,149.31
11/9/2006,151.1,152,151,151.2,9598100,149.61
11/10/2006,150.7,151,150.3,150.5,10631100,148.92
11/13/2006,150,150.5,149.3,150.5,8325100,148.92
11/14/2006,148.9,149.2,147.7,148.2,28627900,146.64
11/15/2006,147.1,147.8,147.1,147.8,25562200,146.25
11/16/2006,146.9,147.2,146.3,146.5,22108800,144.96
11/17/2006,146.6,148.6,146.4,147.1,31020800,145.55
11/20/2006,146.5,147,145.7,146,28793700,144.47
11/21/2006,146,147,146,146.7,16549200,145.16
11/22/2006,145.5,146.6,145.5,146.5,16627700,145.11
11/23/2006,146.4,146.7,145.9,145.9,12621400,144.51
11/24/2006,146,146.8,145.7,146.1,11424500,144.71
11/27/2006,146.2,146.5,145.3,145.4,12575800,144.02
11/28/2006,144.1,144.4,142.7,142.8,25533800,141.44
11/29/2006,144,144.2,143.5,144,15213700,142.63
11/30/2006,144,144.6,143.9,144.6,16753600,143.23
12/1/2006,143.9,144.5,143.8,144.3,19572400,142.93
12/4/2006,144,144.2,143.6,143.6,15175900,142.24
12/5/2006,144.2,144.8,144,144.6,12566500,143.23
12/6/2006,142,142.8,141.6,142.2,49042200,140.85
12/7/2006,141.5,141.5,140.7,141.1,33092800,139.76
12/8/2006,140.7,141.2,140.6,140.9,21925400,139.56
12/11/2006,140.5,141,140,140.3,40079100,138.97
12/12/2006,140.9,141.1,140.5,140.9,19122900,139.56
12/13/2006,140.6,141.2,140.5,140.6,14174600,139.26
12/14/2006,141,141.7,140.6,140.7,17359500,139.36
12/15/2006,141,141.5,140.7,141.4,17200700,140.06
12/18/2006,141.5,141.9,141.1,141.8,8412700,140.45
12/19/2006,141.6,142,140.9,141.2,13445000,139.86
12/20/2006,141.7,143.1,141.7,142.5,14501800,141.15
12/21/2006,141.4,142.3,141.4,142.2,9797000,140.85
12/22/2006,142.1,141.8,141.2,141.7,11963000,140.35
12/25/2006,141.7,141.7,141.7,141.7,0,140.35
12/26/2006,141.7,141.7,141.7,141.7,0,140.35
12/27/2006,141,142.3,141,142.2,8792800,140.85
12/28/2006,142.3,143.5,141.9,142.9,14896600,141.54
12/29/2006,142.8,142.8,141.9,142.5,12298900,141.15
1/1/2007,142.5,142.5,142.5,142.5,0,141.15
1/2/2007,142.8,143.6,142.5,143.5,15237800,142.14
1/3/2007,143.8,145.1,143.8,144.7,18884900,143.33
1/4/2007,144.7,145.1,143.4,143.8,18063300,142.43
1/5/2007,143.5,143.8,142.7,143.4,15856400,142.04
1/8/2007,142,142.3,141.6,142.3,23971800,140.95
1/9/2007,141.9,142,141.4,141.5,18498800,140.16
1/10/2007,140.3,140.7,140,140.1,29726100,138.77
1/11/2007,140,140.3,138.8,139.1,28332300,137.78
1/12/2007,139.7,140.3,139.1,139.6,17584100,138.27
1/15/2007,139.6,140.3,139.6,140.1,13543400,138.77
1/16/2007,140.2,140.6,140.1,140.6,8488800,139.26
1/17/2007,140.4,140.6,139.8,140.3,11771200,138.97
1/18/2007,140.3,141.7,140,141.7,16185900,140.35
1/19/2007,141.4,143.4,141.3,142.9,30818100,141.54
1/22/2007,143.9,145.8,143.6,145.5,35086600,144.12
1/23/2007,144.1,144.6,143.8,144.5,27376000,143.13
1/24/2007,144,144.5,142.9,143.5,17402900,142.14
1/25/2007,144.4,144.5,143.5,144.1,14454800,142.73
1/26/2007,143.5,144.2,143.1,143.7,16128400,142.34
1/29/2007,143.5,143.5,142.5,142.7,13783900,141.34
1/30/2007,143,143.3,142.6,143.3,6629800,141.94
1/31/2007,143,143.2,142,142.2,12227200,140.85
2/1/2007,142.4,143.9,142.4,143.4,15422500,142.04
2/2/2007,143.8,144.2,143.5,143.8,9967100,142.43
2/5/2007,143.6,143.9,142.8,142.9,7250400,141.54
2/6/2007,143.1,144,143,143.7,9704900,142.34
2/7/2007,144,144,143.3,143.5,6894400,142.14
2/8/2007,140.8,141,139.8,140.7,68533600,139.36
2/9/2007,140.5,140.6,139.3,140.3,25953300,138.97
2/12/2007,139.8,140,139.5,139.9,14191000,138.57
2/13/2007,139.9,139.9,139,139.2,16948700,137.88
2/14/2007,139.9,139.9,139.2,139.6,7318400,138.27
2/15/2007,140.5,140.8,139.8,140.7,15163600,139.36
2/16/2007,140.6,140.1,139.6,140.1,12730100,138.77
2/19/2007,140.1,140.1,140.1,140.1,0,138.77
2/20/2007,140.1,140.1,140.1,140.1,0,138.77
2/21/2007,139.8,140.1,139,139.1,17076000,137.78
2/22/2007,139.1,139.3,138.7,138.8,14329200,137.48
2/23/2007,138.7,138.7,138,138.3,15734000,136.99
2/26/2007,138,138.2,137.5,138.1,11030800,136.79
2/27/2007,138.2,138.2,137.2,137.6,17038800,136.29
2/28/2007,135.4,136.8,135.4,136.7,27899000,135.4
3/1/2007,136.7,137.2,136.2,136.2,14688900,134.91
3/2/2007,137,137,135.7,136.4,21361700,135.1
3/5/2007,134.4,134.7,132.8,133,45110100,131.74
3/6/2007,135.2,136.7,135.2,136.3,34617500,135.01
3/7/2007,136.9,136.9,135.6,135.7,18035700,134.41
3/8/2007,135.8,136.9,135.8,136.7,17840100,135.4
3/9/2007,136.8,137.2,136.2,136.7,28750800,135.4
3/12/2007,136.8,137.7,136.8,137.5,20028200,136.19
3/13/2007,137,137.6,136.7,137.1,11725000,135.8
3/14/2007,135.1,135.4,134.8,135.2,20684500,133.92
3/15/2007,135,135.2,134.1,134.2,16818500,132.93
3/16/2007,134,134.8,133.3,133.8,15442500,132.53
3/19/2007,133.5,134.8,133.5,134.5,9530100,133.22
3/20/2007,135.9,135.9,134.5,134.9,9824400,133.62
3/21/2007,133.3,134.3,132.8,134.2,22316900,133.28
3/22/2007,136.6,136.6,135.8,136.4,32319400,135.47
3/23/2007,136.8,137.5,136.6,137.3,23059100,136.36
3/26/2007,137.6,137.7,137.1,137.3,11150500,136.36
3/27/2007,137.1,137.4,136.7,137,8926300,136.06
3/28/2007,136.5,136.7,135.4,135.5,18961200,134.57
3/29/2007,135.2,136.1,135.1,136.1,14589800,135.17
3/30/2007,135.5,136.4,135.5,135.8,8250300,134.87
4/2/2007,136.2,137,136.1,136.3,12312700,135.37
4/3/2007,136.5,137.2,136.5,136.9,14799800,135.96
4/4/2007,137.5,137.6,137,137.2,13263400,136.26
4/5/2007,137.2,137.2,137.2,137.2,0,136.26
4/6/2007,137.2,137.2,137.2,137.2,0,136.26
4/9/2007,137.2,137.2,137.2,137.2,0,136.26
4/10/2007,138.7,138.8,138.1,138.6,23896000,137.65
4/11/2007,139,139.4,138.9,139.3,16843900,138.35
4/12/2007,139,140,139,139.8,16239400,138.84
4/13/2007,140.1,141,139.8,140.6,27314900,139.64
4/16/2007,141.9,143,141.7,142.9,47646700,141.92
4/17/2007,144.2,144.2,143.3,143.4,33319800,142.42
4/18/2007,143.8,144.4,143.4,144,26359700,143.01
4/19/2007,143.3,143.6,142.7,143.2,18204900,142.22
4/20/2007,143.9,144.7,143.6,144.6,26894400,143.61
4/23/2007,145.3,145.6,144.8,144.8,25237300,143.81
4/24/2007,144.1,144.6,143.9,144.5,13960700,143.51
4/25/2007,143.6,144.5,143.5,144.4,11987800,143.41
4/26/2007,145.2,145.5,144.9,145.2,19327800,144.21
4/27/2007,144.6,144.9,144.2,144.6,15092000,143.61
4/30/2007,144,144.5,143.4,144.2,12029200,143.21
5/1/2007,144.2,144.2,144.2,144.2,0,143.21
5/2/2007,145,145.7,145,145.4,21546600,144.4
5/3/2007,146,147.7,146,147.2,46892500,146.19
5/4/2007,147.6,147.8,146,146.8,20211300,145.8
5/7/2007,146.6,147.6,146.6,146.8,11924300,145.8
5/8/2007,146,147,145.8,146.2,12219900,145.2
5/9/2007,146.2,146.8,145.9,146.5,11016700,145.5
5/10/2007,146,146.5,145.8,146.2,15610700,145.2
5/11/2007,144.5,145.4,144.5,145,20329200,144.01
5/14/2007,147.5,147.5,146.7,146.9,29286500,145.89
5/15/2007,146.9,146.9,146.2,146.3,19027100,145.3
5/16/2007,145.6,145.6,144.8,144.9,9766800,144.08
5/17/2007,145,145.7,144.6,144.9,8728300,144.08
5/18/2007,144.2,145,144.2,144.9,9539300,144.08
5/21/2007,145.5,145.5,144.8,145,7706100,144.17
5/22/2007,145,145,144.3,144.7,7753400,143.88
5/23/2007,144.3,145,144,144.8,12443100,143.98
5/24/2007,144.8,144.8,144.8,144.8,0,143.98
5/25/2007,144.4,144.4,144.2,144.3,11466700,143.48
5/28/2007,144.4,144.8,144,144.1,9607100,143.28
5/29/2007,144.2,144.4,143.9,144,11693800,143.18
5/30/2007,143.9,144.8,143.7,144,16095900,143.18
5/31/2007,144.4,145.1,143.9,144.6,16906300,143.78
6/1/2007,145,145.3,144.1,144.4,10986200,143.58
6/4/2007,144.3,144.5,144,144.4,10085200,143.58
6/5/2007,144.3,144.8,143.9,144.3,11854200,143.48
6/6/2007,143.7,144.6,143.7,144.1,7511500,143.28
6/7/2007,143.6,144.2,143.6,144.1,9290800,143.28
6/8/2007,143.1,143.5,142.7,143.2,19110500,142.39
6/11/2007,143.5,143.9,143.2,143.2,6202300,142.39
6/12/2007,143.6,143.8,143.1,143.4,7381600,142.58
6/13/2007,143,143.1,142.8,143.1,13689900,142.29
6/14/2007,143.9,143.9,143.3,143.4,13436900,142.58
6/15/2007,143.6,143.6,142.9,143.4,13024300,142.58
6/18/2007,144.2,144.2,143.5,144,16017600,143.18
6/19/2007,144,144,144,144,0,143.18
6/20/2007,143.9,146.3,143.5,145.8,63466900,144.97
6/21/2007,145.8,146.3,145.2,145.4,20981600,144.57
6/22/2007,144.8,146.7,144.8,145.6,31668700,144.77
6/25/2007,145,145.4,143.9,144.1,28856300,143.28
6/26/2007,144.2,144.3,143.9,144,22450800,143.18
6/27/2007,143.8,144,142.7,142.9,33713400,142.09
6/28/2007,144,144.2,143.1,143.6,16134400,142.78
6/29/2007,143.8,143.8,142.3,142.5,20902300,141.69
7/2/2007,142.5,142.5,142.5,142.5,0,141.69
7/3/2007,142.5,143.5,142.5,143.3,15152800,142.48
7/4/2007,143.5,143.7,142.7,143.1,15199000,142.29
7/5/2007,143.3,143.5,142.8,143.3,14390000,142.48
7/6/2007,142.8,145.9,142.7,144.6,29271800,143.78
7/9/2007,144.2,145.4,144.2,145.1,19158900,144.27
7/10/2007,143.9,146.4,143.8,145.4,26636400,144.57
7/11/2007,144,144.3,143,143.2,23334100,142.39
7/12/2007,143.8,144.3,143.4,143.7,14849900,142.88
7/13/2007,144.9,145.3,144.1,144.3,11714900,143.48
7/16/2007,144.6,145.3,144.2,144.9,15691100,144.08
7/17/2007,144.9,145.7,144.9,145.6,14818100,144.77
7/18/2007,145.1,146.5,144.9,145.8,17408300,144.97
7/19/2007,145.8,146.8,145.1,145.8,12221700,144.97
7/20/2007,145.9,145.9,145.2,145.4,10209700,144.57
7/23/2007,144.6,145.1,144.6,144.9,16206500,144.08
7/24/2007,145.3,145.7,145,145.3,16083100,144.47
7/25/2007,143.4,144.2,142.7,143.8,39105000,142.98
7/26/2007,143.5,144.3,143,143.3,33030800,142.48
7/27/2007,140.9,141.5,139.8,141.3,48260900,140.5
7/30/2007,140.6,141.8,140.4,141.4,34535500,140.6
7/31/2007,144.4,144.5,143.4,144.2,42169100,143.38
8/1/2007,144,144.3,141.1,142.4,40363400,141.59
8/2/2007,143.6,143.9,142.2,143.7,26821400,142.88
8/3/2007,144.5,144.6,143.5,144.1,18804200,143.28
8/6/2007,142.9,142.9,141.5,142,34634100,141.19
8/7/2007,143.5,143.5,142.7,143,24041700,142.19
8/8/2007,143.9,144.8,143.6,144.6,22300100,143.78
8/9/2007,145.6,145.6,144.4,144.5,24159600,143.68
8/10/2007,142,142.5,141.4,142.1,30694600,141.29
8/13/2007,141.2,141.6,140.6,141.4,25459600,140.6
8/14/2007,141,141.5,140.7,141.3,13797000,140.5
8/15/2007,139,139.1,137.6,137.9,36968600,137.28
8/16/2007,136,136.4,134.5,136.1,45156300,135.49
8/17/2007,135.5,136.4,131.5,135.8,49297300,135.19
8/20/2007,139.5,140,137.6,139.9,44292900,139.27
8/21/2007,140,141,137.7,138.1,31952000,137.48
8/22/2007,138.9,140.1,138.4,139.9,22139200,139.27
8/23/2007,142,142,140.9,141.1,32067900,140.47
8/24/2007,140.1,140.9,139.9,140.5,19274000,139.87
8/27/2007,142,142,140.8,141,11403200,140.37
8/28/2007,140,141,139.5,139.9,15551200,139.27
8/29/2007,138,138.8,137.5,138.2,23904700,137.58
8/30/2007,139.3,139.3,138.2,138.9,17841700,138.28
8/31/2007,138.6,140.6,138.5,139.8,23098900,139.17
9/3/2007,139.5,140.2,138.8,139.9,15749200,139.27
9/4/2007,139.8,140.2,139.3,139.7,17090700,139.07
9/5/2007,140.5,140.6,139.5,139.8,17281900,139.17
9/6/2007,138.8,139.8,138.6,139.2,13102300,138.57
9/7/2007,139.3,139.9,138.3,139.2,25852800,138.57
9/10/2007,137.9,138.5,137.7,138.1,21375500,137.48
9/11/2007,138,138.8,137.5,138.2,8041200,137.58
9/12/2007,139,139.1,138.2,139,15510400,138.38
9/13/2007,139.2,140.3,138.6,139.5,19126800,138.87
9/14/2007,140,140.2,138.5,138.9,19985500,138.28
9/17/2007,138.6,139.4,137.5,137.9,14745100,137.28
9/18/2007,137.3,137.7,137.2,137.7,15323800,137.08
9/19/2007,141.9,142.6,140,141.4,60017800,140.76
9/20/2007,141.8,142.3,141,141,17621500,140.37
9/21/2007,141,142.2,140.8,141.7,16639100,141.06
9/24/2007,143,143.8,142.5,143.2,28077700,142.56
9/25/2007,142,143,141.5,142,21000600,141.36
9/26/2007,142,142,142,142,0,141.36
9/27/2007,143,143.6,142.5,143.5,29051600,142.86
9/28/2007,143.3,143.4,142,142.2,23722000,141.56
10/1/2007,142.2,142.2,142.2,142.2,0,141.56
10/2/2007,144,144.5,143.8,144.1,31123900,143.45
10/3/2007,144.5,150.2,143.8,147.7,101019000,147.04
10/4/2007,147.5,150.7,146.8,149,47497200,148.33
10/5/2007,150.2,151.6,150.1,150.9,40705000,150.22
10/8/2007,152.2,153,149.6,149.6,33182500,148.93
10/9/2007,150,150,148.5,149.7,23235600,149.03
10/10/2007,150.7,151,149.1,149.2,18181800,148.53
10/11/2007,150,150.9,149.5,150.8,17385000,150.12
10/12/2007,150,150.4,149.4,149.7,18376100,149.03
10/15/2007,150.2,153.5,149.1,153,49828400,152.31
10/16/2007,151.7,153.5,148.6,148.7,44000300,148.03
10/17/2007,148.9,150.5,147.6,150.4,22202400,149.72
10/18/2007,152.3,152.5,149.5,150.7,26081300,150.02
10/19/2007,150.7,150.7,150.7,150.7,0,150.02
10/22/2007,147,147,145,145.5,43730300,144.85
10/23/2007,145.7,147.1,145.7,146.3,16481900,145.64
10/24/2007,148.6,148.6,144.9,145.2,23847300,144.55
10/25/2007,145.8,146.6,144.2,145.5,25175700,144.85
10/26/2007,144.8,146.9,144.5,145.6,24407200,144.95
10/29/2007,147,150.8,147,150,49984700,149.33
10/30/2007,149,152.1,148.8,149.9,36417200,149.23
10/31/2007,150.5,152,149.6,151.4,28509400,150.72
11/1/2007,152,153,151.5,152,36454500,151.32
11/2/2007,148,149.5,148,148.2,32464300,147.53
11/5/2007,147,148.1,145.6,146,29600700,145.34
11/6/2007,145,146.6,144.5,146.3,28157300,145.64
11/7/2007,148,148,145,145.3,26804400,144.65
11/8/2007,142.4,143,141.8,142.3,39687200,141.66
11/9/2007,140,141.5,139.8,141,41658600,140.37
11/12/2007,137.2,137.8,136,136.9,54467400,136.28
11/13/2007,137,138.1,135.4,137.6,29977900,136.98
11/14/2007,138.6,139.4,138,139,33010300,138.38
11/15/2007,140,140,138.1,138.9,25388000,138.28
11/16/2007,136.8,137.3,135.8,136.2,32392900,135.59
11/19/2007,136.2,136.8,135,135.6,22425700,134.99
11/20/2007,133.4,135.5,132.3,135.2,30972900,134.59
11/21/2007,132.1,133.1,131.5,131.8,30830300,131.37
11/22/2007,131,132.1,130,130.1,30345200,129.68
11/23/2007,132,132,130.8,131.7,16227400,131.27
11/26/2007,133.5,134.2,132.7,133.6,19841900,133.17
11/27/2007,129.8,133,129.4,130.8,39276300,130.38
11/28/2007,129.7,130.2,129.5,129.8,22735400,129.38
11/29/2007,133.4,133.4,131.6,132.3,29934600,131.87
11/30/2007,132,132.3,131.4,132.1,18016900,131.67
12/3/2007,132,133.1,132,132.1,13269800,131.67
12/4/2007,131.7,132.7,131.6,132.3,12465700,131.87
12/5/2007,130.5,131.8,130,131.2,29390800,130.78
12/6/2007,132,134.2,131.8,133.5,32843800,133.07
12/7/2007,135.5,138.2,135,136.8,76460100,136.36
12/10/2007,135.5,136.9,133.7,133.7,45047300,133.27
12/11/2007,135.8,137.4,135.3,136.7,34836900,136.26
12/12/2007,134.3,135,133.8,134.4,34155000,133.96
12/13/2007,134.4,135.1,132.5,133.2,28132800,132.77
12/14/2007,133.2,134.5,132.2,133.6,19058800,133.17
12/17/2007,133,133.3,130.7,130.8,24270500,130.38
12/18/2007,131,133.3,130.4,131.6,24276400,131.17
12/19/2007,132,132.8,130.1,131,18864000,130.58
12/20/2007,130.8,131.4,130.2,131,12742300,130.58
12/21/2007,131.2,132.3,131.2,132.2,13911600,131.77
12/24/2007,132.9,133,132.2,132.6,9083300,132.17
12/25/2007,132.6,132.6,132.6,132.6,0,132.17
12/26/2007,132.6,132.6,132.6,132.6,0,132.17
12/27/2007,133.4,133.5,131.4,131.7,10723500,131.27
12/28/2007,131,131.6,130.6,131.1,13232600,130.68
12/31/2007,131,132.2,131,131.7,10393800,131.27
1/1/2008,131.7,131.7,131.7,131.7,0,131.27
1/2/2008,131.5,131.9,130.2,130.9,11105600,130.48
1/3/2008,129.8,130.5,129.2,129.6,17407500,129.18
1/4/2008,129.4,131.2,129.4,130.1,16285700,129.68
1/7/2008,128.4,128.4,127.1,127.9,31510500,127.49
1/8/2008,128.1,129.8,128.1,128.3,17526900,127.88
1/9/2008,126.7,128.4,126.4,128,28519300,127.59
1/10/2008,126.8,127.5,125.4,126.3,25217900,125.89
1/11/2008,125.7,126.5,123.4,123.6,39536800,123.2
1/14/2008,126,126,123,123.5,20557500,123.1
1/15/2008,124,124.5,120.3,120.8,45189500,120.41
1/16/2008,118.1,118.4,114.2,115,63671800,114.63
1/17/2008,117,119.9,114.7,118.9,54273500,118.51
1/18/2008,116,119.8,114.6,118.4,41845600,118.02
1/21/2008,115.9,116.7,113.3,113.8,39195300,113.43
1/22/2008,109.6,109.6,104,104.3,71840400,103.96
1/23/2008,110.8,117.7,110.8,116,85115000,115.62
1/24/2008,118.9,119,114.5,115.6,73394400,115.23
1/25/2008,120.1,122.3,117.6,121,59481600,120.61
1/28/2008,118.5,118.7,114.1,116.5,37519100,116.12
1/29/2008,119.1,119.5,117.3,117.7,25407600,117.32
1/30/2008,118.8,119.4,116.5,117.3,28912300,116.92
1/31/2008,116,119.6,114.6,115.6,30937500,115.23
2/1/2008,117.3,118.5,116,118.2,26800000,117.82
2/4/2008,120.3,121.8,119.9,120.7,27252800,120.31
2/5/2008,118.8,119.4,117.4,119,15675500,118.61
2/6/2008,114.2,115,113,114,27438000,113.63
2/7/2008,114,114,114,114,0,113.63
2/8/2008,114,114,114,114,0,113.63
2/11/2008,112.5,112.9,109,109.4,29516700,109.05
2/12/2008,110.2,111.4,109.9,110.4,27364500,110.04
2/13/2008,112.2,113.5,111.6,112.4,29653600,112.04
2/14/2008,116.5,117.2,115,116.2,33908300,115.82
2/15/2008,113,115.1,112.6,114.5,23439900,114.13
2/18/2008,114.5,114.5,112.2,112.6,19329600,112.24
2/19/2008,115,115.4,114.3,114.3,18116100,113.93
2/20/2008,114.4,114.9,112.5,112.9,19500400,112.53
2/21/2008,115,115.1,113.5,114.1,15602500,113.73
2/22/2008,113.5,115.6,113,114.8,21214200,114.43
2/25/2008,117,117,116,116.7,19722800,116.32
2/26/2008,118.1,119.9,117.8,119.7,33863700,119.31
2/27/2008,122.5,124.3,122.5,123.6,47317000,123.2
2/28/2008,122.3,124.2,122,123,28374500,122.6
2/29/2008,121,121,120,120.7,34532900,120.31
3/3/2008,117,120.4,117,119.1,38230400,118.71
3/4/2008,122,122.5,120.3,120.4,39817800,120.01
3/5/2008,119.5,121,119.4,120.7,18846500,120.31
3/6/2008,121.2,122.2,121,121.4,15884300,121.01
3/7/2008,119.5,120,117.1,117.2,37987100,116.82
3/10/2008,118,122,117.9,120.8,34913500,120.41
3/11/2008,121.2,123.7,120.4,122.7,42972800,122.3
3/12/2008,126,126.6,124.1,125.4,32868700,124.99
3/13/2008,123.9,124,121.9,122.4,29806100,122
3/14/2008,123,124.1,122.2,122.8,16411600,122.4
3/17/2008,118,119.6,117.1,118,49080700,117.62
3/18/2008,119.3,120.9,117.8,120.4,36717300,120.01
3/19/2008,122.8,122.9,121,121.9,38482600,121.9
3/20/2008,122.2,122.2,120.1,121,24494300,121
3/21/2008,121,121,121,121,0,121
3/24/2008,121,121,121,121,0,121
3/25/2008,126,127.7,124.8,126.8,54722600,126.8
3/26/2008,127.5,127.8,126.6,127.3,28919800,127.3
3/27/2008,127,127.6,125.6,127.4,16237400,127.4
3/28/2008,127.1,128.4,126.9,128,23859900,128
3/31/2008,127,127.5,126.3,126.8,22842300,126.8
4/1/2008,127.9,129.2,126.1,129.2,24608400,129.2
4/2/2008,132.4,132.5,130.6,131.5,39949300,131.5
4/3/2008,131.9,132.6,131.3,131.8,20511000,131.8
4/7/2008,131.9,132.1,131.4,132,15932200,132
4/8/2008,130,131.5,130,131.1,10709200,131.1
4/9/2008,131.4,131.7,130.4,131,14106600,131
4/10/2008,131.3,132.3,131,132,13774100,132
4/11/2008,132.5,133,131.9,132.7,12549000,132.7
4/14/2008,131,131.1,130.4,130.7,19874400,130.7
4/15/2008,131.5,131.5,129.6,130.1,17690500,130.1
4/16/2008,129.8,130.5,129,129.6,12301600,129.6
4/17/2008,131,131.2,130.4,131.1,16745100,131.1
4/18/2008,130.8,131.2,130.2,130.7,10734500,130.7
4/21/2008,133,133,132.1,132.5,15999000,132.5
4/22/2008,131.4,131.5,130.6,131.5,13636400,131.5
4/23/2008,131.8,132.2,131.1,132.1,10814000,132.1
4/24/2008,131.2,131.8,130.3,130.6,22947900,130.6
4/25/2008,131.5,132.4,130.5,132.4,17536200,132.4
4/28/2008,132.8,133.7,132.5,133.3,22860400,133.3
4/29/2008,133.5,134.5,133.2,134.5,22919900,134.5
4/30/2008,135.5,136.4,135,135,29520700,135
5/2/2008,136.5,137.2,136.1,136.3,18264200,136.3
5/5/2008,136.7,136.8,136,136.2,13943300,136.2
5/6/2008,135.5,136.7,135.4,135.7,14808200,135.7
5/7/2008,135.7,135.7,133.9,134.3,21311100,134.3
5/8/2008,134.1,135.5,134,134.8,13927600,134.8
5/9/2008,134.1,134.5,132.2,132.9,28962100,132.9
5/13/2008,134.9,135.8,134.6,135.5,30934600,135.5
5/14/2008,135,135.5,134.3,135.3,14735400,135.3
5/15/2008,135.7,135.8,134.1,134.7,13329800,134.7
5/16/2008,135.2,135.6,134.9,135.4,11726300,135.4
5/19/2008,135.8,136.2,135.2,135.8,12606000,135.8
5/20/2008,135.3,135.7,134.4,134.8,16798400,134.8
5/21/2008,134,134.3,133,133.9,13852300,133.9
5/22/2008,132,132.5,130.8,132.1,21419700,132.1
5/23/2008,132.5,133,131.5,131.8,8182300,131.8
5/26/2008,130.9,131.8,130.8,130.9,12857900,130.9
5/27/2008,131.4,131.6,131,131.3,13351100,131.3
5/28/2008,130.9,131.8,130.8,130.9,10353800,130.9
5/29/2008,132.3,132.3,130.9,131.2,13846300,131.2
5/30/2008,131.5,131.7,130.7,131.7,13107500,131.7
6/2/2008,132,132.3,131.1,131.4,15021100,131.4
6/3/2008,130.2,131,130,130.4,16290700,130.4
6/4/2008,130.4,131,130.1,130.1,10064700,130.1
6/5/2008,130.1,131.8,130.1,131.3,12119500,131.3
6/6/2008,131.9,131.9,131,131.3,10135300,131.3
6/10/2008,128.8,129.3,127.1,127.8,33689400,127.8
6/11/2008,128.4,129.3,127.8,128.3,15032800,128.3
6/12/2008,126,126.4,125.1,126,33882800,126
6/13/2008,125.9,125.9,124.3,124.3,20672700,124.3
6/16/2008,125,126.5,125,125.8,14563400,125.8
6/17/2008,125.8,126.7,125.7,126.1,9600900,126.1
6/18/2008,127,127.1,125.4,125.9,14790100,125.9
6/19/2008,125,125.1,124.3,124.4,15627100,124.4
6/20/2008,124.7,126.5,124.1,124.4,22078900,124.4
6/23/2008,123.1,124.2,123,123.7,16716800,123.7
6/24/2008,123,124.1,123,123,14779000,123
6/25/2008,123.4,125.5,123.2,124,7354300,124
6/26/2008,124.5,125,123.1,124,15958000,124
6/27/2008,122,122.5,120.7,121.9,29476700,121.9
6/30/2008,120.9,121.5,120.4,120.9,27398000,120.9
7/2/2008,118.3,118.9,117.8,118.6,35598700,118.6
7/3/2008,117.9,118.8,117.3,117.6,25073700,117.6
7/4/2008,118.5,119.1,118.1,118.6,10669900,118.6
7/7/2008,117.2,118.9,117.2,118.7,25667100,118.7
7/8/2008,118,118.1,115.6,115.8,25145500,115.8
7/9/2008,118,119.4,117.3,119.2,27034100,119.2
7/10/2008,117.9,119.4,117.4,118.6,18411600,118.6
7/11/2008,118.5,119.5,117.6,118.9,19732200,118.9
7/14/2008,117.7,118,116.1,116.6,25633500,116.6
7/15/2008,115,115,113,113,33376300,113
7/16/2008,112.2,114.3,112.2,112.8,19470400,112.8
7/17/2008,116,117.4,115.5,117,25437200,117
7/18/2008,118.8,120,117.7,120,29630600,120
7/21/2008,124,125.4,124,124.9,39979300,124.9
7/22/2008,124.7,125.9,124.3,124.8,18127800,124.8
7/23/2008,127.3,128.5,126.6,128.5,30081000,128.5
7/24/2008,130,130.3,128.8,129.6,41259500,129.6
7/25/2008,128,128.7,127.3,128.3,28896100,128.3
7/28/2008,128,128.1,127.3,127.8,17812900,127.8
7/29/2008,126.1,126.2,125.5,126.1,21894600,126.1
7/30/2008,127.7,128.8,127.6,128.5,15846300,128.5
7/31/2008,129.5,129.8,128.5,128.9,21663000,128.9
8/1/2008,128.3,129.8,127.5,129.4,19319500,129.4
8/4/2008,129,129.4,128.1,129.4,14931100,129.4
8/5/2008,127.5,127.5,125.3,126.6,22138400,126.6
8/6/2008,126.6,126.6,126.6,126.6,0,126.6
8/7/2008,129,129,127.2,128.9,28205200,128.9
8/8/2008,127.9,128.5,126,127.4,13060500,127.4
8/11/2008,128.3,129.2,128.2,128.3,16659500,128.3
8/12/2008,129.1,130.5,128.2,128.2,19689800,128.2
8/13/2008,127,129,126.8,126.8,15331000,126.8
8/14/2008,125.9,127.2,124.3,125.4,18615600,125.4
8/15/2008,124.8,125.3,124.2,124.8,15477100,124.8
8/18/2008,125.4,125.4,124,124.4,9997600,124.4
8/19/2008,123.5,124.6,122.2,122.2,19500500,122.2
8/20/2008,119.5,121.3,119.4,120.9,21700700,120.9
8/21/2008,120.5,120.5,117.8,117.8,22075700,117.8
8/25/2008,119.1,121.8,119.1,121.5,20958800,121.5
8/26/2008,119.7,120.5,119.5,119.8,17662800,119.8
8/27/2008,119.8,121,119.8,120.8,9138600,120.8
8/28/2008,120.7,120.9,119.7,120.2,13965800,120.2
8/29/2008,122.8,123.8,122.3,123.5,24848500,123.5
9/1/2008,122.5,122.5,121.2,121.7,8953200,121.7
9/2/2008,121.7,122.9,121.3,122.9,10069900,122.9
9/3/2008,123.5,123.5,121.1,121.6,10441500,121.6
9/4/2008,121.6,122.2,120.9,121.4,11220400,121.4
9/5/2008,118.4,119,117.3,117.3,37423300,117.3
9/8/2008,123,123.7,122.2,123.7,51149400,123.7
9/9/2008,123,124.5,122.3,124.1,22387300,124.1
9/10/2008,123.5,125.5,122.7,124,28560300,124
9/11/2008,123.5,123.9,121.9,122.2,19545100,122.2
9/12/2008,122.5,122.7,120.5,122.1,16812300,122.1
9/16/2008,117.1,118.6,116.3,118,54600900,118
9/17/2008,119,119.3,115.1,115.1,39990000,115.1
9/18/2008,112,115.5,106.4,114.9,83479600,114.9
9/19/2008,123,128.2,120.8,123.5,97233700,123.5
9/22/2008,128,128,123.5,126,45859600,126
9/23/2008,123.5,124.6,123.3,123.4,23362100,123.4
9/24/2008,124.6,125,123,123.8,20175100,123.8
9/25/2008,123.8,124.8,123.1,123.6,17811800,123.6
9/26/2008,124.3,125,123.2,124.5,18591500,124.5
9/29/2008,125.5,125.5,122.1,122.4,22183000,122.4
9/30/2008,118.9,122,118.1,121.8,39041700,121.8
10/2/2008,122,124.4,121.7,123.6,26272000,123.6
10/3/2008,123,123.3,122.1,123.2,16971700,123.2
10/6/2008,122,122,120.2,120.5,20766500,120.5
10/8/2008,120,120.3,115.6,115.8,42440800,115.8
10/9/2008,117,118.2,116,118,23153800,118
10/10/2008,110.2,111.5,108,109.8,54814700,109.8
10/13/2008,109.3,114.5,108.4,114.5,50557400,114.5
10/14/2008,117,117,114,114.9,33107100,114.9
10/15/2008,114.8,114.8,111.4,111.7,27449100,111.7
10/16/2008,107.4,108.5,105.7,108.5,38198000,108.5
10/17/2008,107.2,107.6,105.2,105.2,26496900,105.2
10/20/2008,105.1,108,105,107,27417300,107
10/21/2008,109,109.3,106.2,106.9,28670800,106.9
10/22/2008,105.3,107.2,102.3,103.8,31809200,103.8
10/23/2008,99.1,101.8,99.1,100.6,30686800,100.6
10/24/2008,99,99,88,88,63896900,88
10/27/2008,85.05,87.7,75,75,70973200,75
10/28/2008,78,90,78,90,62061700,90
10/29/2008,87,88,82.4,86.15,43701000,86.15
10/30/2008,90.3,95.4,88.85,95.4,49842800,95.4
10/31/2008,93.1,93.1,89.9,92,32353200,92
11/3/2008,93,95,92.25,92.5,23126000,92.5
11/4/2008,93,94.25,90,92.6,18837600,92.6
11/5/2008,96,96.45,92.8,94.95,20609200,94.95
11/6/2008,92.1,92.2,89.8,90.65,21517100,90.65
11/7/2008,88,92.95,88,92,15362500,92
11/10/2008,94,94.65,89.7,92.3,21554100,92.3
11/11/2008,89.45,91.6,88,88,22318500,88
11/12/2008,85.9,87.7,85.1,86.25,21888300,86.25
11/13/2008,81,82.15,80.55,80.85,30558900,80.85
11/14/2008,83.3,83.7,82.1,82.3,13192000,82.3
11/17/2008,81.85,83.8,80.05,81.95,11912300,81.95
11/18/2008,81,81.6,79,79,23210000,79
11/19/2008,79,80.5,78.5,79.2,15344100,79.2
11/20/2008,75.65,77.35,75.3,75.6,29664900,75.6
11/21/2008,73.4,80,73.15,77.05,32413000,77.05
11/24/2008,73,76.5,73,74.75,19288700,74.75
11/25/2008,77.6,77.95,76,76.5,16915200,76.5
11/26/2008,79,81,78.5,81,24010300,81
11/27/2008,82.2,82.8,79.95,81.65,23834400,81.65
11/28/2008,82.3,83.7,82,83.7,16039900,83.7
12/1/2008,82.75,84.5,81.75,84.4,13168300,84.4
12/2/2008,79.85,80.4,79,79,17050900,79
12/3/2008,80,81.35,80,80.35,10900700,80.35
12/4/2008,81,81,78,78.55,13288100,78.55
12/5/2008,79.5,81.4,79.5,81.4,11957900,81.4
12/8/2008,84,85.5,82.3,85.5,28521600,85.5
12/9/2008,85.5,85.55,83.7,84,11796900,84
12/10/2008,85.5,87.7,84.7,87.7,16771100,87.7
12/11/2008,85.55,87.25,85.35,87.25,11741200,87.25
12/12/2008,84.8,86.15,82.25,82.25,18953700,82.25
12/15/2008,85.45,86.05,84.2,84.2,14052300,84.2
12/16/2008,84.2,84.75,83.2,84.2,11017800,84.2
12/17/2008,85.95,86,82.4,84.5,20407500,84.5
12/18/2008,81.15,82.4,80.85,81.6,28539900,81.6
12/19/2008,76,78.5,75.45,76.55,64105100,76.55
12/22/2008,74.4,75.45,74.05,74.05,37783000,74.05
12/23/2008,73.55,74,73.25,73.75,28612200,73.75
12/24/2008,72.5,74,72.4,73.95,15234700,73.95
12/29/2008,73,74.45,72.6,73.5,13967100,73.5
12/30/2008,73.3,73.95,72.75,73.25,19702300,73.25
12/31/2008,74,74.2,73.55,73.7,17556600,73.7
1/2/2009,74.45,77,74,77,14952300,77
1/5/2009,77.2,78,75.45,77.5,14860500,77.5
1/6/2009,77,77.3,76.25,76.95,10040000,76.95
1/7/2009,77,77.3,75,75,16655600,75
1/8/2009,74.8,75,74,74,14825300,74
1/9/2009,74.5,75.8,74.05,74.7,13725200,74.7
1/12/2009,74.35,74.8,73.6,73.75,9275900,73.75
1/13/2009,73.5,74.8,73,73,12870000,73
1/14/2009,72,72.2,69.7,70,41472100,70
1/15/2009,66.5,67,65.55,66,50343400,66
1/16/2009,63.8,64.4,63.5,64.2,45454300,64.2
1/19/2009,63,63,61.3,62.3,40082100,62.3
1/20/2009,57,59,56.8,57.5,89957500,57.5
1/21/2009,54.95,56.2,54.9,55,87635600,55
1/22/2009,57.5,58.3,56.6,57,47986000,57
1/23/2009,57,59.05,56.8,57.45,40487800,57.45
1/29/2009,63.15,63.25,62,62.6,46775400,62.6
1/30/2009,60.55,61.1,59.4,60.8,28665800,60.8
